	date	cdsd	cldd	cldd_attributes	dp01	dp01_attributes	dp10	dp10_attributes	dp1x	dp1x_attributes	dsnd	dsnw	dsnw_attributes	dt00	dt00_attributes	dt32	dt32_attributes	dx32	dx32_attributes	dx70	dx70_attributes	dx90	dx90_attributes	dyfg	dyts	emnt	emnt_attributes	emsd	emsd_attributes	emsn	emsn_attributes	emxp	emxp_attributes	emxt	emxt_attributes	fzf0	fzf0_attributes	fzf1	fzf1_attributes	fzf2	fzf2_attributes	fzf3	fzf3_attributes	fzf4	fzf4_attributes	fzf5	fzf5_attributes	fzf6	fzf6_attributes	fzf7	fzf7_attributes	fzf8	fzf8_attributes	fzf9	fzf9_attributes	hdsd	hdsd_attributes	htdd	htdd_attributes	prcp	prcp_attributes	snow	snow_attributes	tavg	tavg_attributes	tmax	tmax_attributes	tmin	tmin_attributes	wdmv	wdmv_attributes
0	1910	5.3	5.3	6.0	31.0	6.0	30.0	6.0	5.0	6.0				5.0	6.0	202.0	6.0	19.0	6.0	96.0	6.0	0.0	6.0			-21.1	[6.0, 202.0, '+']					63.5	[' ', 6.0, 1203.0, ' ']	31.7	[6.0, 530.0, ' ']	-3.3	[6.0, 1002.0]	-3.3	[6.0, 1002.0]	-6.7	[6.0, 1119.0]	-6.7	[6.0, 1119.0]	-10.0	[6.0, 1128.0]	-3.3	[6.0, 704.0]	-3.3	[6.0, 704.0]	-4.4	[6.0, 521.0]	-8.3	[6.0, 326.0]	-8.9	[6.0, 325.0]					499.8	[' ', 6.0]			6.71	6.0	14.29	6.0	-0.88	6.0		
1	1911	1.4	1.4	6.0										11.0	6.0	250.0	6.0	30.0	6.0	74.0	6.0	0.0	6.0			-23.3	[6.0, 226.0, ' ']							28.9	[6.0, 715.0, ' ']	-2.8	[6.0, 904.0]	-2.8	[6.0, 904.0]	-4.4	[6.0, 920.0]	-6.7	[6.0, 1002.0]	-11.1	[6.0, 1112.0]	0.0	[6.0, 701.0]	-2.2	[6.0, 624.0]	-6.1	[6.0, 525.0]	-7.2	[6.0, 510.0]	-13.3	[6.0, 413.0]	4580.9	9.0	4580.9	6.0					4.17	6.0	11.27	6.0	-2.94	6.0		
2	1912	0.3	0.3	6.0								34.0	6.0	1.0	6.0	250.0	6.0	13.0	6.0	69.0	6.0	0.0	6.0			-18.9	[6.0, 103.0, ' ']			330.0	[' ', 6.0, 1215.0, ' ']			30.0	[6.0, 716.0, ' ']	-1.1	[6.0, 816.0]	-2.2	[6.0, 830.0]	-5.6	[6.0, 1008.0]	-8.3	[6.0, 1028.0]	-9.4	[6.0, 1119.0]	-0.6	[6.0, 704.0]	-3.3	[6.0, 701.0]	-5.6	[6.0, 503.0]	-10.0	[6.0, 426.0]	-10.0	[6.0, 426.0]	5008.7	7.0	5008.7	6.0			3966.0	[' ', 6.0]	4.7	6.0	11.93	6.0	-2.54	6.0		
3	1913	0.0	0.0	6.0	67.0	6.0	56.0	6.0	7.0	6.0				5.0	6.0	235.0	6.0	29.0	6.0	83.0	6.0	0.0	6.0	7.0		-22.2	[6.0, 105.0, ' ']					118.6	[' ', 6.0, 1231.0, ' ']	29.4	[6.0, 712.0, ' ']	0.0	[6.0, 814.0]	-3.9	[6.0, 924.0]	-7.8	[6.0, 1004.0]	-7.8	[6.0, 1004.0]	-12.8	[6.0, 1123.0]	0.0	[6.0, 629.0]	-2.8	[6.0, 627.0]	-4.4	[6.0, 514.0]	-6.7	[6.0, 502.0]	-8.9	[6.0, 501.0]	4941.3	3.0	4941.3	6.0	765.7	[' ', 6.0]			4.96	6.0	12.48	6.0	-2.56	6.0		
4	1914	5.3	5.3	6.0	65.0	6.0	55.0	6.0	13.0	6.0				4.0	6.0	235.0	6.0	24.0	6.0	87.0	6.0	0.0	6.0			-18.9	[6.0, 1214.0, '+']					68.8	[' ', 6.0, 113.0, ' ']	30.6	[6.0, 815.0, '+']	-0.6	[6.0, 905.0]	-3.9	[6.0, 908.0]	-6.1	[6.0, 1020.0]	-6.7	[6.0, 1118.0]	-9.4	[6.0, 1128.0]	-1.7	[6.0, 627.0]	-2.8	[6.0, 611.0]	-5.0	[6.0, 606.0]	-6.7	[6.0, 429.0]	-11.1	[6.0, 330.0]	4676.0	0.0	4676.0	6.0	888.3	[' ', 6.0]			5.3	6.0	12.66	6.0	-2.06	6.0		
5	1915	3.2	3.2	6.0										2.0	6.0	256.0	6.0	19.0	6.0	99.0	6.0	0.0	6.0	2.0		-19.4	[6.0, 1231.0, '+']							31.7	[6.0, 829.0, ' ']	0.0	[6.0, 911.0]	-4.4	[6.0, 912.0]	-4.4	[6.0, 912.0]	-6.7	[6.0, 1105.0]	-13.3	[6.0, 1110.0]	-0.6	[6.0, 707.0]	-2.2	[6.0, 627.0]	-5.6	[6.0, 611.0]	-9.4	[6.0, 502.0]	-9.4	[6.0, 502.0]	4766.2	2.0	4766.2	6.0					5.58	6.0	13.67	6.0	-2.51	6.0		
6	1916	0.0	0.0	6.0								40.0	6.0	8.0	6.0	243.0	6.0	25.0	6.0	68.0	6.0	0.0	6.0			-26.1	[6.0, 130.0, ' ']			838.0	[' ', 6.0, 127.0, ' ']			28.3	[6.0, 711.0, ' ']	-0.6	[6.0, 805.0]	-2.2	[6.0, 924.0]	-5.0	[6.0, 1004.0]	-6.7	[6.0, 1106.0]	-11.1	[6.0, 1107.0]	0.0	[6.0, 728.0]	-2.8	[6.0, 602.0]	-6.1	[6.0, 524.0]	-7.2	[6.0, 331.0]	-9.4	[6.0, 324.0]	4543.5	5.0	4543.5	6.0			9679.0	[' ', 6.0]	4.79	6.0	12.41	6.0	-2.84	6.0		
7	1917	17.5	17.5	6.0	70.0	6.0	39.0	6.0	8.0	6.0		31.0	6.0	7.0	6.0	234.0	6.0	33.0	6.0	114.0	6.0	1.0	6.0	2.0		-21.7	[6.0, 117.0, ' ']			813.0	[' ', 6.0, 221.0, ' ']	66.8	[' ', 6.0, 224.0, ' ']	33.3	[6.0, 712.0, ' ']	-0.6	[6.0, 907.0]	-2.2	[6.0, 923.0]	-4.4	[6.0, 1018.0]	-6.7	[6.0, 1205.0]			-0.6	[6.0, 629.0]	-2.8	[6.0, 612.0]	-4.4	[6.0, 518.0]	-6.7	[6.0, 516.0]	-10.6	[6.0, 418.0]	5153.4	4.0	5153.4	6.0	663.9	[' ', 6.0]	4470.0	[' ', 6.0]	5.52	6.0	13.58	6.0	-2.53	6.0		
8	1918	2.8	2.8	6.0										1.0	6.0	223.0	6.0	24.0	6.0	100.0	6.0	0.0	6.0	3.0		-17.8	[6.0, 215.0, ' ']							31.1	[6.0, 628.0, ' ']	-0.6	[6.0, 923.0]	-2.8	[6.0, 1016.0]	-8.9	[6.0, 1105.0]	-8.9	[6.0, 1105.0]	-8.9	[6.0, 1105.0]	-0.6	[6.0, 602.0]	-2.2	[6.0, 528.0]	-4.4	[6.0, 519.0]	-9.4	[6.0, 414.0]	-9.4	[6.0, 414.0]	4147.9	9.0	4147.9	6.0					5.82	6.0	13.5	6.0	-1.85	6.0		
9	1919	22.5	22.5	6.0										1.0	6.0	234.0	6.0	29.0	6.0	117.0	6.0	2.0	6.0	5.0		-20.0	[6.0, 1213.0, ' ']							32.8	[6.0, 721.0, ' ']	-1.1	[6.0, 905.0]	-3.3	[6.0, 1004.0]	-5.0	[6.0, 1018.0]	-7.8	[6.0, 1027.0]	-9.4	[6.0, 1031.0]	-1.1	[6.0, 617.0]	-2.2	[6.0, 614.0]	-4.4	[6.0, 421.0]	-9.4	[6.0, 414.0]	-9.4	[6.0, 414.0]	4569.3	3.0	4569.3	6.0					5.58	6.0	13.52	6.0	-2.37	6.0		
10	1920	7.4	7.4	6.0										0.0	6.0	242.0	6.0	21.0	6.0	103.0	6.0	1.0	6.0	2.0		-16.7	[6.0, 107.0, ' ']							32.8	[6.0, 816.0, ' ']	0.0	[6.0, 907.0]	-3.3	[6.0, 924.0]	-5.6	[6.0, 1007.0]	-6.7	[6.0, 1013.0]	-10.6	[6.0, 1020.0]	-0.6	[6.0, 720.0]	-2.8	[6.0, 531.0]	-6.7	[6.0, 502.0]	-6.7	[6.0, 502.0]	-8.9	[6.0, 421.0]	4675.5	5.0	4675.5	6.0					5.26	6.0	13.04	6.0	-2.52	6.0		
11	1921	6.8	6.8	6.0	76.0	6.0	50.0	6.0	8.0	6.0				2.0	6.0	229.0	6.0	14.0	6.0	117.0	6.0	0.0	6.0			-17.8	[6.0, 207.0, '+']					62.7	[' ', 6.0, 118.0, ' ']	31.1	[6.0, 808.0, '+']	0.0	[6.0, 906.0]	-2.2	[6.0, 913.0]	-7.8	[6.0, 1024.0]	-7.8	[6.0, 1024.0]	-9.4	[6.0, 1117.0]	0.0	[6.0, 703.0]	-2.2	[6.0, 617.0]	-5.6	[6.0, 529.0]	-6.7	[6.0, 517.0]	-10.6	[6.0, 502.0]	4645.5	5.0	4645.5	6.0	736.8	[' ', 6.0]			6.11	6.0	14.22	6.0	-2.0	6.0		
12	1922	14.0	14.0	6.0										3.0	6.0	232.0	6.0	25.0	6.0	114.0	6.0	3.0	6.0			-21.1	[6.0, 120.0, ' ']							33.3	[6.0, 809.0, '+']	0.0	[6.0, 815.0]	-2.2	[6.0, 1003.0]	-7.8	[6.0, 1029.0]	-7.8	[6.0, 1029.0]	-11.7	[6.0, 1103.0]	0.0	[6.0, 610.0]	-2.2	[6.0, 527.0]	-5.6	[6.0, 526.0]	-6.7	[6.0, 511.0]	-10.6	[6.0, 418.0]	4634.2	2.0	4634.2	6.0					5.18	6.0	13.06	6.0	-2.7	6.0		
13	1923	10.6	10.6	6.0	80.0	6.0	49.0	6.0	4.0	6.0				4.0	6.0	242.0	6.0	20.0	6.0	87.0	6.0	0.0	6.0	1.0		-19.4	[6.0, 202.0, ' ']					43.9	[' ', 6.0, 123.0, ' ']	31.7	[6.0, 730.0, '+']	0.0	[6.0, 805.0]	-2.2	[6.0, 924.0]	-5.6	[6.0, 1023.0]	-6.7	[6.0, 1201.0]	-8.9	[6.0, 1202.0]	0.0	[6.0, 626.0]	-2.2	[6.0, 624.0]	-6.1	[6.0, 531.0]	-6.7	[6.0, 403.0]	-8.9	[6.0, 321.0]	4596.3	3.0	4596.3	6.0	565.3	[' ', 6.0]			5.34	6.0	13.04	6.0	-2.36	6.0		
14	1924	11.0	11.0	6.0										5.0	6.0	224.0	6.0	13.0	6.0	122.0	6.0	2.0	6.0			-23.3	[6.0, 1218.0, ' ']							33.3	[6.0, 630.0, ' ']	-2.8	[6.0, 920.0]	-2.8	[6.0, 920.0]	-7.2	[6.0, 1011.0]	-7.2	[6.0, 1011.0]	-10.0	[6.0, 1030.0]	0.0	[6.0, 619.0]	-2.8	[6.0, 618.0]	-4.4	[6.0, 505.0]	-6.7	[6.0, 425.0]	-8.9	[6.0, 416.0]	4290.5	5.0	4290.5	6.0					6.26	6.0	14.74	6.0	-2.22	6.0		
15	1925	18.6	18.6	6.0	82.0	6.0	58.0	6.0	4.0	6.0				1.0	6.0	229.0	6.0	10.0	6.0	89.0	6.0	2.0	6.0			-17.8	[6.0, 116.0, ' ']					50.8	[' ', 6.0, 206.0, ' ']	32.8	[6.0, 715.0, ' ']	0.0	[6.0, 823.0]	-5.0	[6.0, 918.0]	-5.0	[6.0, 918.0]	-10.0	[6.0, 1104.0]	-10.0	[6.0, 1104.0]	-0.6	[6.0, 606.0]	-3.9	[6.0, 605.0]	-5.0	[6.0, 603.0]	-7.8	[6.0, 420.0]	-9.4	[6.0, 330.0]	4409.1	1.0	4409.1	6.0	645.4	[' ', 6.0]			6.17	6.0	13.68	6.0	-1.34	6.0		
16	1926	15.8	15.8	6.0	63.0	6.0	44.0	6.0	7.0	6.0				1.0	6.0	228.0	6.0	12.0	6.0	123.0	6.0	0.0	6.0			-17.8	[6.0, 120.0, ' ']					59.7	[' ', 6.0, 129.0, ' ']	31.7	[6.0, 716.0, '+']	0.0	[6.0, 817.0]	-2.2	[6.0, 918.0]	-5.6	[6.0, 1008.0]	-6.7	[6.0, 1113.0]	-10.0	[6.0, 1211.0]	-0.6	[6.0, 615.0]	-2.2	[6.0, 525.0]	-8.3	[6.0, 508.0]	-8.3	[6.0, 508.0]	-10.6	[6.0, 224.0]	4305.4	4.0	4305.4	6.0	764.5	[' ', 6.0]			6.85	6.0	15.29	6.0	-1.59	6.0		
17	1927	6.3	6.3	6.0	77.0	6.0	54.0	6.0	12.0	6.0				0.0	6.0	237.0	6.0	18.0	6.0	96.0	6.0	0.0	6.0			-16.1	[6.0, 410.0, ' ']					49.5	[' ', 6.0, 1229.0, ' ']	30.6	[6.0, 714.0, ' ']	-1.1	[6.0, 907.0]	-2.2	[6.0, 908.0]	-5.0	[6.0, 1005.0]	-6.7	[6.0, 1101.0]	-10.6	[6.0, 1122.0]	-0.6	[6.0, 705.0]	-2.2	[6.0, 531.0]	-5.6	[6.0, 528.0]	-6.7	[6.0, 419.0]	-10.6	[6.0, 417.0]	4544.1	1.0	4544.1	6.0	900.2	[' ', 6.0]			5.66	6.0	13.23	6.0	-1.92	6.0		
18	1928	17.3	17.3	6.0	66.0	6.0	36.0	6.0	8.0	6.0				2.0	6.0	215.0	6.0	15.0	6.0	119.0	6.0	3.0	6.0			-18.3	[6.0, 115.0, ' ']					88.9	[' ', 6.0, 325.0, ' ']	33.9	[6.0, 725.0, ' ']	-0.6	[6.0, 909.0]	-2.8	[6.0, 1004.0]	-4.4	[6.0, 1011.0]	-6.7	[6.0, 1014.0]	-11.1	[6.0, 1117.0]	-0.6	[6.0, 629.0]	-2.8	[6.0, 503.0]	-4.4	[6.0, 424.0]	-8.3	[6.0, 408.0]	-10.6	[6.0, 403.0]	4386.6	6.0	4386.6	6.0	656.6	[' ', 6.0]			6.55	6.0	14.61	6.0	-1.52	6.0		
19	1929	23.3	23.3	6.0	50.0	6.0	36.0	6.0	7.0	6.0				3.0	6.0	235.0	6.0	18.0	6.0	108.0	6.0	1.0	6.0			-21.1	[6.0, 207.0, ' ']					84.8	[' ', 6.0, 1210.0, ' ']	32.2	[6.0, 814.0, ' ']	-1.7	[6.0, 908.0]	-2.2	[6.0, 924.0]	-4.4	[6.0, 1028.0]	-7.8	[6.0, 1112.0]	-9.4	[6.0, 1113.0]	-0.6	[6.0, 619.0]	-3.3	[6.0, 617.0]	-4.4	[6.0, 602.0]	-6.7	[6.0, 422.0]	-14.4	[6.0, 410.0]	4657.6	6.0	4657.6	6.0	626.8	[' ', 6.0]			6.26	6.0	14.46	6.0	-1.94	6.0	60317.0	6.0
20	1930	9.3	9.3	6.0	66.0	6.0	44.0	6.0	7.0	6.0				3.0	6.0	232.0	6.0	21.0	6.0	105.0	6.0	0.0	6.0			-21.1	[6.0, 108.0, ' ']					41.4	[' ', 6.0, 105.0, ' ']	31.7	[6.0, 715.0, ' ']	-1.1	[6.0, 911.0]	-2.8	[6.0, 925.0]	-4.4	[6.0, 1011.0]	-13.9	[6.0, 1114.0]	-13.9	[6.0, 1114.0]	-1.1	[6.0, 624.0]	-2.2	[6.0, 601.0]	-7.8	[6.0, 508.0]	-7.8	[6.0, 508.0]	-9.4	[6.0, 318.0]	4247.9	9.0	4247.9	6.0	559.3	[' ', 6.0]			5.87	6.0	13.84	6.0	-2.11	6.0		
21	1931	56.6	56.6	0.0	66.0	0.0	51.0	0.0	6.0	0.0		39.0	0.0	2.0	0.0	215.0	0.0	21.0	0.0	108.0	0.0	9.0	0.0			-18.3	[0.0, 1215.0, '+']			508.0	[' ', 0.0, 1227.0, ' ']	55.9	[' ', 0.0, 1227.0, ' ']	33.9	[0.0, 720.0, ' ']	-3.3	[0.0, 909.0]	-3.3	[0.0, 909.0]	-7.2	[0.0, 1026.0]	-7.2	[0.0, 1026.0]	-13.3	[0.0, 1116.0]	-1.1	[0.0, 629.0]	-5.6	[0.0, 425.0]	-5.6	[0.0, 425.0]	-6.7	[0.0, 423.0]	-12.2	[0.0, 306.0]	4283.7	7.0	4283.7	0.0	740.2	[' ', 0.0]	5954.0	[' ', 0.0]	6.65	0.0	14.71	0.0	-1.41	0.0		
22	1932	10.5	10.5	0.0	74.0	0.0	42.0	0.0	4.0	0.0		23.0	0.0	13.0	0.0	223.0	0.0	42.0	0.0	111.0	0.0	0.0	0.0			-24.4	[0.0, 203.0, ' ']			660.0	[' ', 0.0, 131.0, ' ']	66.0	[' ', 0.0, 131.0, ' ']	31.7	[0.0, 804.0, ' ']	0.0	[0.0, 830.0]	-2.2	[0.0, 1013.0]	-6.1	[0.0, 1018.0]	-8.9	[0.0, 1103.0]	-8.9	[0.0, 1103.0]	0.0	[0.0, 608.0]	-2.8	[0.0, 606.0]	-4.4	[0.0, 522.0]	-8.9	[0.0, 422.0]	-8.9	[0.0, 422.0]	4810.3	3.0	4810.3	0.0	519.9	[' ', 0.0]	3103.0	[' ', 0.0]	5.32	0.0	13.14	0.0	-2.5	0.0		
23	1933	34.7	34.7	0.0	66.0	0.0	42.0	0.0	11.0	0.0		29.0	0.0	7.0	0.0	226.0	0.0	27.0	0.0	116.0	0.0	5.0	0.0			-23.3	[0.0, 210.0, ' ']			414.0	[' ', 0.0, 1030.0, ' ']	80.0	[' ', 0.0, 1029.0, ' ']	34.4	[0.0, 815.0, ' ']	0.0	[0.0, 909.0]	-2.2	[0.0, 1014.0]	-7.8	[0.0, 1101.0]	-7.8	[0.0, 1101.0]	-8.9	[0.0, 1130.0]	-1.1	[0.0, 619.0]	-2.8	[0.0, 526.0]	-5.0	[0.0, 519.0]	-7.2	[0.0, 509.0]	-11.1	[0.0, 508.0]	4840.3	3.0	4840.3	0.0	725.6	[' ', 0.0]	4663.0	[' ', 0.0]	5.62	0.0	13.71	0.0	-2.47	0.0		
24	1934	21.1	21.1	0.0	73.0	0.0	42.0	0.0	0.0	0.0		15.0	0.0	1.0	0.0	197.0	0.0	7.0	0.0	117.0	0.0	4.0	0.0			-17.8	[0.0, 1231.0, ' ']			216.0	[' ', 0.0, 1226.0, '+']	23.4	[' ', 0.0, 613.0, ' ']	33.9	[0.0, 728.0, ' ']	-1.7	[0.0, 923.0]	-2.2	[0.0, 924.0]	-5.0	[0.0, 926.0]	-10.0	[0.0, 1120.0]	-10.0	[0.0, 1120.0]	-0.6	[0.0, 626.0]	-2.8	[0.0, 502.0]	-4.4	[0.0, 501.0]	-6.7	[0.0, 301.0]	-8.9	[0.0, 212.0]	3883.4	4.0	3883.4	0.0	461.7	[' ', 0.0]	1609.0	[' ', 0.0]	7.5	0.0	15.32	0.0	-0.32	0.0		
25	1935	13.4	13.4	0.0	79.0	0.0	52.0	0.0	6.0	0.0		29.0	0.0	5.0	0.0	225.0	0.0	25.0	0.0	116.0	0.0	0.0	0.0			-22.8	[0.0, 120.0, '+']			335.0	[' ', 0.0, 306.0, ' ']	47.0	[' ', 0.0, 407.0, ' ']	31.7	[0.0, 812.0, '+']	0.0	[0.0, 929.0]	-2.8	[0.0, 1013.0]	-7.2	[0.0, 1022.0]	-7.2	[0.0, 1022.0]	-10.6	[0.0, 1031.0]	-0.6	[0.0, 710.0]	-2.2	[0.0, 615.0]	-4.4	[0.0, 501.0]	-6.7	[0.0, 418.0]	-8.9	[0.0, 410.0]	4470.4	4.0	4470.4	0.0	659.0	[' ', 0.0]	3256.0	[' ', 0.0]	5.51	0.0	13.34	0.0	-2.33	0.0		
26	1936																																																							4556.9	9.0	4556.9	0.0												
27	1937	12.8	12.8	0.0	79.0	0.0	47.0	0.0	9.0	0.0		23.0	0.0	8.0	0.0	217.0	0.0	37.0	0.0	109.0	0.0	0.0	0.0			-25.6	[0.0, 121.0, '+']			320.0	[' ', 0.0, 128.0, ' ']	120.1	[' ', 0.0, 1210.0, ' ']	31.7	[0.0, 811.0, ' ']	0.0	[0.0, 905.0]	-2.2	[0.0, 1003.0]	-4.4	[0.0, 1107.0]	-7.2	[0.0, 1112.0]	-13.3	[0.0, 1223.0]	-1.7	[0.0, 617.0]	-2.8	[0.0, 519.0]	-4.4	[0.0, 430.0]	-7.2	[0.0, 428.0]	-11.1	[0.0, 407.0]					938.3	[' ', 0.0]	2665.0	[' ', 0.0]	5.87	0.0	13.3	0.0	-1.57	0.0		
28	1938	9.2	9.2	0.0	101.0	0.0	62.0	0.0	15.0	0.0	201.0	49.0	0.0	1.0	0.0	218.0	0.0	24.0	0.0	105.0	0.0	0.0	0.0			-20.0	[0.0, 217.0, ' ']	3226.0	[' ', 0.0, 213.0, ' ']	940.0	[' ', 0.0, 210.0, ' ']	65.5	[' ', 0.0, 210.0, ' ']	30.0	[0.0, 723.0, '+']	0.0	[0.0, 905.0]	-2.8	[0.0, 1016.0]	-4.4	[0.0, 1017.0]	-6.7	[0.0, 1106.0]	-12.2	[0.0, 1111.0]	0.0	[0.0, 619.0]	-2.8	[0.0, 521.0]	-5.0	[0.0, 507.0]	-8.9	[0.0, 503.0]	-8.9	[0.0, 503.0]	4404.4	4.0	4404.4	0.0	1021.9	[' ', 0.0]	9279.0	[' ', 0.0]	5.65	0.0	12.46	0.0	-1.15	0.0		
29	1939	16.6	16.6	0.0	74.0	0.0	36.0	0.0	2.0	0.0		24.0	0.0	1.0	0.0	210.0	0.0	24.0	0.0	104.0	0.0	0.0	0.0			-18.3	[0.0, 209.0, ' ']			483.0	[' ', 0.0, 308.0, ' ']	40.1	[' ', 0.0, 104.0, ' ']	31.7	[0.0, 727.0, ' ']	-2.2	[0.0, 914.0]	-2.2	[0.0, 914.0]	-8.9	[0.0, 1025.0]	-8.9	[0.0, 1025.0]	-8.9	[0.0, 1025.0]	-1.1	[0.0, 618.0]	-3.9	[0.0, 617.0]	-5.6	[0.0, 519.0]	-6.7	[0.0, 315.0]	-9.4	[0.0, 311.0]	4383.3	3.0	4383.3	0.0	449.3	[' ', 0.0]	3146.0	[' ', 0.0]	6.87	0.0	14.27	0.0	-0.53	0.0		
30	1940	7.7	7.7	0.0	94.0	0.0	65.0	0.0	18.0	0.0	140.0	45.0	0.0	0.0	0.0	192.0	0.0	7.0	0.0	108.0	0.0	0.0	0.0			-15.6	[0.0, 113.0, ' ']	1321.0	[' ', 0.0, 228.0, ' ']	508.0	[' ', 0.0, 1224.0, ' ']	65.3	[' ', 0.0, 326.0, ' ']	31.1	[0.0, 812.0, ' ']	0.0	[0.0, 919.0]	-2.8	[0.0, 1028.0]	-7.2	[0.0, 1103.0]	-7.2	[0.0, 1103.0]	-10.0	[0.0, 1110.0]	0.0	[0.0, 529.0]	-3.3	[0.0, 505.0]	-5.0	[0.0, 416.0]	-6.7	[0.0, 405.0]	-12.2	[0.0, 313.0]	3925.2	2.0	3925.2	0.0	1261.1	[' ', 0.0]	5225.0	[' ', 0.0]	6.83	0.0	13.67	0.0	0.0	0.0		
31	1941																																																							4324.5	5.0	4324.5													
32	1942	18.3	18.3	0.0	81.0	0.0	52.0	0.0	10.0	0.0	168.0	37.0	0.0	1.0	0.0	226.0	0.0	16.0	0.0	92.0	0.0	0.0	0.0			-17.8	[0.0, 102.0, ' ']	1575.0	[' ', 0.0, 206.0, ' ']	305.0	[' ', 0.0, 313.0, '+']	80.8	[' ', 0.0, 1117.0, ' ']	31.7	[0.0, 721.0, ' ']	-1.7	[0.0, 919.0]	-2.8	[0.0, 1012.0]	-5.6	[0.0, 1029.0]	-8.3	[0.0, 1104.0]	-8.9	[0.0, 1116.0]	0.0	[0.0, 626.0]	-2.2	[0.0, 529.0]	-4.4	[0.0, 513.0]	-8.3	[0.0, 512.0]	-9.4	[0.0, 417.0]					878.3	[' ', 0.0]	4601.0	[' ', 0.0]	5.5	0.0	12.72	0.0	-1.71	0.0		
33	1943	2.5	2.5	0.0	69.0	0.0	38.0	0.0	7.0	0.0	107.0	25.0	0.0	0.0	0.0	211.0	0.0	10.0	0.0	100.0	0.0	0.0	0.0			-16.7	[0.0, 118.0, ' ']	940.0	[' ', 0.0, 207.0, ' ']	432.0	[' ', 0.0, 129.0, ' ']	92.2	[' ', 0.0, 120.0, ' ']	29.4	[0.0, 729.0, '+']	-0.6	[0.0, 1011.0]	-4.4	[0.0, 1019.0]	-4.4	[0.0, 1019.0]	-6.7	[0.0, 1101.0]	-11.1	[0.0, 1226.0]	0.0	[0.0, 626.0]	-2.2	[0.0, 624.0]	-6.1	[0.0, 516.0]	-8.3	[0.0, 331.0]	-9.4	[0.0, 330.0]	4276.1	1.0	4276.1	0.0	634.1	[' ', 0.0]	3000.0	[' ', 0.0]	6.23	0.0	13.38	0.0	-0.93	0.0		
34	1944	2.5	2.5	0.0	80.0	0.0	54.0	0.0	6.0	0.0	182.0	43.0	0.0	0.0	0.0	222.0	0.0	28.0	0.0	86.0	0.0	0.0	0.0			-15.0	[0.0, 104.0, ' ']	1905.0	[' ', 0.0, 304.0, ' ']	762.0	[' ', 0.0, 228.0, ' ']	90.2	[' ', 0.0, 1109.0, ' ']	30.6	[0.0, 813.0, '+']	0.0	[0.0, 802.0]	-2.2	[0.0, 1012.0]	-5.0	[0.0, 1107.0]	-7.8	[0.0, 1112.0]	-9.4	[0.0, 1117.0]	0.0	[0.0, 709.0]	-3.3	[0.0, 616.0]	-5.6	[0.0, 516.0]	-7.2	[0.0, 425.0]	-8.9	[0.0, 421.0]	4574.5	5.0	4574.5	0.0	780.4	[' ', 0.0]	6315.0	[' ', 0.0]	5.1	0.0	12.06	0.0	-1.86	0.0		
35	1945	6.6	6.6	0.0	105.0	0.0	65.0	0.0	11.0	0.0	174.0	44.0	0.0	0.0	0.0	212.0	0.0	30.0	0.0	92.0	0.0	0.0	0.0			-15.0	[0.0, 1219.0, '+']	1168.0	[' ', 0.0, 325.0, '+']	584.0	[' ', 0.0, 1204.0, ' ']	80.0	[' ', 0.0, 201.0, ' ']	30.6	[0.0, 728.0, '+']	-1.7	[0.0, 923.0]	-2.2	[0.0, 924.0]	-7.8	[0.0, 1107.0]	-7.8	[0.0, 1107.0]	-12.2	[0.0, 1108.0]	-0.6	[0.0, 616.0]	-2.2	[0.0, 528.0]	-6.1	[0.0, 414.0]	-11.7	[0.0, 413.0]	-11.7	[0.0, 413.0]	4748.8	8.0	4748.8	0.0	1033.9	[' ', 0.0]	6156.0	[' ', 0.0]	5.55	0.0	12.29	0.0	-1.19	0.0		
36	1946	9.3	9.3	0.0	70.0	0.0	39.0	0.0	5.0	0.0	151.0	27.0	0.0	1.0	0.0	224.0	0.0	24.0	0.0	90.0	0.0	1.0	0.0			-17.8	[0.0, 212.0, ' ']	1219.0	[' ', 0.0, 329.0, ' ']	610.0	[' ', 0.0, 328.0, ' ']	77.5	[' ', 0.0, 1118.0, ' ']	32.8	[0.0, 720.0, ' ']	0.0	[0.0, 907.0]	-2.2	[0.0, 917.0]	-6.1	[0.0, 1018.0]	-8.9	[0.0, 1029.0]	-8.9	[0.0, 1029.0]	-1.7	[0.0, 624.0]	-2.2	[0.0, 529.0]	-5.0	[0.0, 420.0]	-7.2	[0.0, 403.0]	-11.7	[0.0, 402.0]	4430.9	9.0	4430.9	0.0	586.9	[' ', 0.0]	3294.0	[' ', 0.0]	5.67	0.0	12.73	0.0	-1.39	0.0		
37	1947	0.6	0.6	0.0	61.0	0.0	33.0	0.0	3.0	0.0	118.0	19.0	0.0	0.0	0.0	203.0	0.0	16.0	0.0	103.0	0.0	0.0	0.0			-16.1	[0.0, 115.0, ' ']	610.0	[' ', 0.0, 128.0, ' ']	381.0	[' ', 0.0, 127.0, ' ']	41.9	[' ', 0.0, 211.0, ' ']	30.0	[0.0, 719.0, ' ']	-1.7	[0.0, 822.0]	-3.9	[0.0, 918.0]	-4.4	[0.0, 1103.0]	-8.3	[0.0, 1105.0]	-9.4	[0.0, 1106.0]	0.0	[0.0, 622.0]	-2.2	[0.0, 604.0]	-6.7	[0.0, 409.0]	-6.7	[0.0, 409.0]	-8.9	[0.0, 404.0]	4275.4	4.0	4275.4	0.0	431.7	[' ', 0.0]	1949.0	[' ', 0.0]	6.15	0.0	13.25	0.0	-0.94	0.0		
38	1948	1.6	1.6	0.0	89.0	0.0	62.0	0.0	6.0	0.0	146.0	49.0	0.0	2.0	0.0	214.0	0.0	36.0	0.0	85.0	0.0	0.0	0.0			-18.9	[0.0, 212.0, ' ']	1295.0	[' ', 0.0, 1215.0, ' ']	914.0	[' ', 0.0, 1214.0, ' ']	45.0	[' ', 0.0, 1102.0, ' ']	29.4	[0.0, 901.0, ' ']	-0.6	[0.0, 919.0]	-3.9	[0.0, 925.0]	-4.4	[0.0, 926.0]	-6.7	[0.0, 1030.0]	-11.1	[0.0, 1126.0]	0.0	[0.0, 617.0]	-2.2	[0.0, 531.0]	-4.4	[0.0, 510.0]	-8.9	[0.0, 508.0]	-8.9	[0.0, 508.0]	4572.6	6.0	4572.6	0.0	724.0	[' ', 0.0]	6683.0	[' ', 0.0]	4.79	0.0	11.58	0.0	-2.0	0.0		
39	1949	4.7	4.7	0.0	68.0	0.0	33.0	0.0	3.0	0.0	161.0	31.0	0.0	11.0	0.0	208.0	0.0	42.0	0.0	103.0	0.0	0.0	0.0	10.0		-21.1	[0.0, 104.0, ' ']	2210.0	[' ', 0.0, 211.0, ' ']	559.0	[' ', 0.0, 211.0, ' ']	57.7	[' ', 0.0, 1110.0, ' ']	29.4	[0.0, 803.0, '+']	0.0	[0.0, 929.0]	-5.0	[0.0, 1007.0]	-5.0	[0.0, 1007.0]	-10.6	[0.0, 1019.0]	-10.6	[0.0, 1019.0]	-1.1	[0.0, 602.0]	-2.2	[0.0, 518.0]	-4.4	[0.0, 404.0]	-8.3	[0.0, 402.0]	-9.4	[0.0, 325.0]	4779.7	7.0	4779.7	0.0	459.8	[' ', 0.0]	5218.0	[' ', 0.0]	5.23	0.0	12.28	0.0	-1.81	0.0		
40	1950	5.5	5.5	0.0	91.0	0.0	63.0	0.0	20.0	0.0	126.0	38.0	0.0	10.0	0.0	215.0	0.0	27.0	0.0	89.0	0.0	0.0	0.0	1.0	7.0	-22.8	[0.0, 115.0, ' ']	1778.0	[' ', 0.0, 114.0, ' ']	610.0	[' ', 0.0, 111.0, ' ']	115.8	[' ', 0.0, 1119.0, ' ']	31.1	[0.0, 629.0, ' ']	-0.6	[0.0, 805.0]	-6.1	[0.0, 930.0]	-6.1	[0.0, 930.0]	-7.2	[0.0, 1110.0]	-8.9	[0.0, 1202.0]	-0.6	[0.0, 625.0]	-3.9	[0.0, 608.0]	-4.4	[0.0, 509.0]	-8.9	[0.0, 507.0]	-8.9	[0.0, 507.0]	4619.0	0.0	4619.0	0.0	1407.0	[' ', 0.0]	6069.0	[' ', 0.0]	5.79	0.0	12.71	0.0	-1.13	0.0		
41	1951	1.4	1.4	0.0	79.0	0.0	57.0	0.0	14.0	0.0	144.0	48.0	0.0	1.0	0.0	226.0	0.0	32.0	0.0	92.0	0.0	0.0	0.0		9.0	-18.9	[0.0, 303.0, ' ']	1981.0	[' ', 0.0, 1231.0, ' ']	584.0	[' ', 0.0, 119.0, ' ']	66.5	[' ', 0.0, 122.0, ' ']	29.4	[0.0, 717.0, ' ']	0.0	[0.0, 928.0]	-2.2	[0.0, 1004.0]	-4.4	[0.0, 1021.0]	-6.7	[0.0, 1116.0]	-11.1	[0.0, 1124.0]	-1.1	[0.0, 704.0]	-2.8	[0.0, 607.0]	-5.0	[0.0, 513.0]	-6.7	[0.0, 430.0]	-8.9	[0.0, 312.0]	4324.1	1.0	4324.1	0.0	993.8	[' ', 0.0]	7388.0	[' ', 0.0]	5.53	0.0	12.51	0.0	-1.46	0.0		
42	1952	0.6	0.6	0.0	88.0	0.0	62.0	0.0	16.0	0.0		58.0	0.0	3.0	0.0	222.0	0.0	50.0	0.0	86.0	0.0	0.0	0.0			-20.6	[0.0, 320.0, ' ']			1067.0	[' ', 0.0, 115.0, ' ']	96.3	[' ', 0.0, 115.0, ' ']	27.8	[0.0, 709.0, ' ']	-2.8	[0.0, 910.0]	-2.8	[0.0, 910.0]	-4.4	[0.0, 1102.0]	-7.8	[0.0, 1116.0]	-10.6	[0.0, 1117.0]	0.0	[0.0, 630.0]	-2.2	[0.0, 615.0]	-4.4	[0.0, 420.0]	-6.7	[0.0, 415.0]	-11.7	[0.0, 323.0]	4995.4	4.0	4995.4	0.0	1136.5	[' ', 0.0]	12684.0	[' ', 0.0]	4.94	0.0	11.79	0.0	-1.92	0.0		
43	1953	1.4	1.4	0.0	79.0	0.0	52.0	0.0	6.0	0.0	157.0	36.0	0.0	0.0	0.0	229.0	0.0	18.0	0.0	71.0	0.0	0.0	0.0		1.0	-13.9	[0.0, 219.0, ' ']	1397.0	[' ', 0.0, 320.0, ' ']	445.0	[' ', 0.0, 320.0, ' ']	36.6	[' ', 0.0, 109.0, ' ']	28.9	[0.0, 713.0, ' ']	0.0	[0.0, 929.0]	-2.8	[0.0, 1015.0]	-4.4	[0.0, 1021.0]	-7.8	[0.0, 1117.0]	-9.4	[0.0, 1118.0]	0.0	[0.0, 627.0]	-2.2	[0.0, 613.0]	-5.6	[0.0, 526.0]	-6.7	[0.0, 502.0]	-8.9	[0.0, 501.0]	4750.0	0.0	4750.0	0.0	619.1	[' ', 0.0]	4408.0	[' ', 0.0]	5.31	0.0	11.94	0.0	-1.32	0.0	16406.0	0.0
44	1954	4.9	4.9	0.0	54.0	0.0	38.0	0.0	10.0	0.0	132.0	30.0	0.0	0.0	0.0	225.0	0.0	20.0	0.0	83.0	0.0	0.0	0.0			-15.6	[0.0, 312.0, ' ']	1143.0	[' ', 0.0, 214.0, ' ']	457.0	[' ', 0.0, 117.0, ' ']	61.2	[' ', 0.0, 213.0, ' ']	29.4	[0.0, 802.0, ' ']	0.0	[0.0, 815.0]	-7.8	[0.0, 1024.0]	-7.8	[0.0, 1024.0]	-7.8	[0.0, 1024.0]	-11.7	[0.0, 1130.0]	0.0	[0.0, 618.0]	-3.9	[0.0, 606.0]	-4.4	[0.0, 410.0]	-8.3	[0.0, 401.0]	-9.4	[0.0, 326.0]	4474.0	0.0	4474.0	0.0	672.6	[' ', 0.0]	3772.0	[' ', 0.0]	6.01	0.0	13.09	0.0	-1.07	0.0	15979.0	0.0
45	1955	6.4	6.4	0.0	85.0	0.0	51.0	0.0	9.0	0.0		38.0	0.0	1.0	0.0	227.0	0.0	39.0	0.0	82.0	0.0	0.0	0.0		2.0	-17.8	[0.0, 228.0, ' ']			711.0	[' ', 0.0, 1224.0, ' ']	128.0	[' ', 0.0, 1223.0, ' ']	30.6	[0.0, 902.0, ' ']	-1.7	[0.0, 916.0]	-2.2	[0.0, 925.0]	-4.4	[0.0, 1027.0]	-12.2	[0.0, 1115.0]	-12.2	[0.0, 1115.0]	-1.1	[0.0, 706.0]	-3.9	[0.0, 602.0]	-4.4	[0.0, 601.0]	-7.8	[0.0, 428.0]	-13.3	[0.0, 427.0]	4814.5	5.0	4814.5	0.0	986.8	[' ', 0.0]	5830.0	[' ', 0.0]	5.23	0.0	12.21	0.0	-1.76	0.0		
46	1956	0.3	0.3	0.0	82.0	0.0	49.0	0.0	10.0	0.0		35.0	0.0	3.0	0.0	214.0	0.0	30.0	0.0	77.0	0.0	0.0	0.0		12.0	-19.4	[0.0, 216.0, ' ']			610.0	[' ', 0.0, 127.0, ' ']	93.7	[' ', 0.0, 105.0, ' ']	28.3	[0.0, 629.0, ' ']	-0.6	[0.0, 1011.0]	-2.2	[0.0, 1012.0]	-11.7	[0.0, 1024.0]	-11.7	[0.0, 1024.0]	-11.7	[0.0, 1024.0]	-0.6	[0.0, 620.0]	-2.2	[0.0, 605.0]	-5.0	[0.0, 406.0]	-9.4	[0.0, 403.0]	-9.4	[0.0, 403.0]	4639.0	0.0	4639.0	0.0	817.6	[' ', 0.0]	5524.0	[' ', 0.0]	5.26	0.0	12.0	0.0	-1.48	0.0	19289.0	0.0
47	1957	0.0	0.0	0.0	99.0	0.0	59.0	0.0	8.0	0.0		35.0	0.0	0.0	0.0	208.0	0.0	26.0	0.0	88.0	0.0	0.0	0.0		4.0	-16.7	[0.0, 127.0, ' ']			508.0	[' ', 0.0, 1218.0, ' ']	47.5	[' ', 0.0, 113.0, ' ']	27.8	[0.0, 909.0, '+']	-1.7	[0.0, 830.0]	-2.8	[0.0, 1004.0]	-5.0	[0.0, 1105.0]	-6.7	[0.0, 1106.0]	-8.9	[0.0, 1117.0]	-1.1	[0.0, 616.0]	-2.2	[0.0, 520.0]	-5.6	[0.0, 418.0]	-7.8	[0.0, 330.0]	-9.4	[0.0, 314.0]	4581.8	8.0	4581.8	0.0	825.0	[' ', 0.0]	4117.0	[' ', 0.0]	5.68	0.0	12.02	0.0	-0.66	0.0	17998.0	0.0
48	1958	5.0	5.0	0.0	86.0	0.0	59.0	0.0	6.0	0.0		39.0	0.0	0.0	0.0	200.0	0.0	22.0	0.0	84.0	0.0	0.0	0.0		16.0	-14.4	[0.0, 1117.0, ' ']			1067.0	[' ', 0.0, 403.0, ' ']	93.2	[' ', 0.0, 403.0, ' ']	28.9	[0.0, 815.0, ' ']	-0.6	[0.0, 913.0]	-2.8	[0.0, 924.0]	-5.0	[0.0, 1112.0]	-12.2	[0.0, 1115.0]	-12.2	[0.0, 1115.0]	0.0	[0.0, 604.0]	-2.8	[0.0, 513.0]	-4.4	[0.0, 426.0]	-7.8	[0.0, 424.0]	-8.9	[0.0, 408.0]	4640.4	4.0	4640.4	0.0	813.6	[' ', 0.0]	6697.0	[' ', 0.0]	6.38	0.0	12.85	0.0	-0.09	0.0		
49	1959	25.1	25.1	0.0	51.0	0.0	32.0	0.0	7.0	0.0	87.0	23.0	0.0	0.0	0.0	218.0	0.0	13.0	0.0	95.0	0.0	0.0	0.0		4.0	-16.1	[0.0, 213.0, ' ']	1067.0	[' ', 0.0, 211.0, ' ']	521.0	[' ', 0.0, 211.0, ' ']	51.8	[' ', 0.0, 211.0, ' ']	30.0	[0.0, 722.0, '+']	-2.8	[0.0, 915.0]	-2.8	[0.0, 915.0]	-4.4	[0.0, 1104.0]	-7.8	[0.0, 1205.0]	-8.9	[0.0, 1213.0]	0.0	[0.0, 610.0]	-2.8	[0.0, 528.0]	-6.7	[0.0, 504.0]	-6.7	[0.0, 504.0]	-8.9	[0.0, 225.0]	4055.4	4.0	4055.4	0.0	515.1	[' ', 0.0]	2908.0	[' ', 0.0]	6.75	0.0	13.99	0.0	-0.5	0.0	14516.0	0.0
50	1960				74.0	0.0	52.0	0.0	7.0	0.0		29.0	0.0	0.0	0.0	217.0	0.0								10.0	-16.1	[0.0, 101.0, ' ']			406.0	[' ', 0.0, 209.0, ' ']	94.7	[' ', 0.0, 208.0, ' ']			0.0	[0.0, 823.0]	-2.8	[0.0, 1009.0]	-8.9	[0.0, 1115.0]	-8.9	[0.0, 1115.0]	-8.9	[0.0, 1115.0]	-1.1	[0.0, 527.0]	-2.8	[0.0, 524.0]	-7.2	[0.0, 523.0]	-7.2	[0.0, 523.0]	-9.4	[0.0, 310.0]	4325.0	0.0	4325.0	0.0	776.8	[' ', 0.0]	4410.0	[' ', 0.0]					-0.47	0.0		
51	1961	45.3	45.3	0.0	88.0	0.0	53.0	0.0	4.0	0.0		28.0	0.0	0.0	0.0	212.0	0.0	13.0	0.0	88.0	0.0	2.0	0.0		7.0	-15.0	[0.0, 1211.0, ' ']			483.0	[' ', 0.0, 423.0, ' ']	34.8	[' ', 0.0, 1021.0, ' ']	32.2	[0.0, 805.0, '+']	0.0	[0.0, 917.0]	-2.8	[0.0, 1008.0]	-4.4	[0.0, 1009.0]	-6.7	[0.0, 1022.0]	-9.4	[0.0, 1116.0]	0.0	[0.0, 531.0]	-2.8	[0.0, 527.0]	-6.1	[0.0, 512.0]	-6.7	[0.0, 425.0]	-9.4	[0.0, 424.0]					581.7	[' ', 0.0]	3629.0	[' ', 0.0]	6.83	0.0	14.03	0.0	-0.38	0.0		
52	1962	0.3	0.3	0.0	69.0	0.0	43.0	0.0	15.0	0.0	123.0	33.0	0.0	5.0	0.0	200.0	0.0	24.0	0.0	99.0	0.0	0.0	0.0		2.0	-23.3	[0.0, 227.0, ' ']	1880.0	[' ', 0.0, 302.0, ' ']	610.0	[' ', 0.0, 302.0, ' ']	76.2	[' ', 0.0, 210.0, ' ']	28.9	[0.0, 825.0, '+']	-1.1	[0.0, 1005.0]	-2.2	[0.0, 1014.0]	-5.6	[0.0, 1117.0]	-8.3	[0.0, 1129.0]	-11.1	[0.0, 1225.0]	0.0	[0.0, 607.0]	-3.9	[0.0, 525.0]	-6.1	[0.0, 514.0]	-6.7	[0.0, 429.0]	-8.9	[0.0, 324.0]	4587.8	8.0	4587.8	0.0	977.9	[' ', 0.0]	5249.0	[' ', 0.0]	6.32	0.0	13.3	0.0	-0.66	0.0		
53	1963	2.5	2.5	0.0	84.0	0.0	58.0	0.0	12.0	0.0	108.0	36.0	0.0	1.0	0.0	188.0	0.0	12.0	0.0	84.0	0.0	0.0	0.0		2.0	-18.9	[0.0, 113.0, ' ']	914.0	[' ', 0.0, 421.0, '+']	457.0	[' ', 0.0, 328.0, ' ']	147.3	[' ', 0.0, 201.0, ' ']	28.3	[0.0, 816.0, ' ']	-1.7	[0.0, 1012.0]	-2.8	[0.0, 1031.0]	-5.6	[0.0, 1104.0]	-6.7	[0.0, 1116.0]	-8.9	[0.0, 1210.0]	0.0	[0.0, 630.0]	-2.8	[0.0, 511.0]	-4.4	[0.0, 509.0]	-7.8	[0.0, 423.0]	-11.7	[0.0, 422.0]	4164.7	7.0	4164.7	0.0	1079.5	[' ', 0.0]	4258.0	[' ', 0.0]	6.36	0.0	12.83	0.0	-0.11	0.0		
54	1964				90.0	0.0	58.0	0.0	12.0	0.0	165.0	48.0	0.0	0.0	0.0	210.0	0.0								1.0	-13.9	[0.0, 308.0, ' ']	1422.0	[' ', 0.0, 122.0, ' ']	686.0	[' ', 0.0, 122.0, ' ']	172.0	[' ', 0.0, 1223.0, ' ']			-2.2	[0.0, 901.0]	-2.2	[0.0, 901.0]	-4.4	[0.0, 1111.0]	-9.4	[0.0, 1113.0]	-9.4	[0.0, 1113.0]	-0.6	[0.0, 619.0]	-2.8	[0.0, 509.0]	-5.6	[0.0, 507.0]	-7.8	[0.0, 425.0]	-11.7	[0.0, 424.0]	4530.3	3.0	4530.3	0.0	1208.0	[' ', 0.0]	8120.0	[' ', 0.0]					-0.97	0.0		
55	1965	5.0	5.0	0.0	85.0	0.0	51.0	0.0	12.0	0.0	149.0	32.0	0.0	1.0	0.0	198.0	0.0	23.0	0.0	76.0	0.0	0.0	0.0			-17.8	[0.0, 101.0, ' ']	1651.0	[' ', 0.0, 1231.0, ' ']	686.0	[' ', 0.0, 1225.0, ' ']	63.5	[' ', 0.0, 106.0, ' ']	27.2	[0.0, 809.0, '+']	-1.1	[0.0, 917.0]	-2.2	[0.0, 918.0]	-6.1	[0.0, 919.0]	-7.2	[0.0, 1125.0]	-11.7	[0.0, 1126.0]	-1.1	[0.0, 615.0]	-3.3	[0.0, 508.0]	-5.0	[0.0, 507.0]	-6.7	[0.0, 411.0]	-8.9	[0.0, 302.0]					828.3	[' ', 0.0]	5870.0	[' ', 0.0]	5.85	0.0	12.12	0.0	-0.41	0.0		
56	1966	18.3	18.3	0.0	65.0	0.0	38.0	0.0	6.0	0.0	134.0	32.0	0.0	1.0	0.0	184.0	0.0	19.0	0.0	98.0	0.0	0.0	0.0			-17.8	[0.0, 303.0, ' ']	1626.0	[' ', 0.0, 101.0, ' ']	356.0	[' ', 0.0, 206.0, ' ']	50.8	[' ', 0.0, 1205.0, ' ']	31.1	[0.0, 730.0, ' ']	-2.8	[0.0, 914.0]	-2.8	[0.0, 914.0]	-5.0	[0.0, 1013.0]	-11.7	[0.0, 1122.0]	-11.7	[0.0, 1122.0]	-0.6	[0.0, 604.0]	-2.8	[0.0, 603.0]	-5.6	[0.0, 427.0]	-6.7	[0.0, 323.0]	-11.7	[0.0, 320.0]	4369.6	6.0	4369.6	0.0	572.9	[' ', 0.0]	3384.0	[' ', 0.0]	6.85	0.0	13.92	0.0	-0.23	0.0		
57	1967	20.3	20.3	0.0	90.0	0.0	64.0	0.0	10.0	0.0		49.0	0.0	0.0	0.0	207.0	0.0	21.0	0.0	96.0	0.0	0.0	0.0			-15.6	[0.0, 1221.0, ' ']			762.0	[' ', 0.0, 313.0, '+']	70.1	[' ', 0.0, 121.0, ' ']	30.0	[0.0, 814.0, ' ']	-2.8	[0.0, 1003.0]	-2.8	[0.0, 1003.0]	-4.4	[0.0, 1125.0]	-7.8	[0.0, 1129.0]	-10.6	[0.0, 1130.0]	0.0	[0.0, 613.0]	-2.8	[0.0, 601.0]	-4.4	[0.0, 512.0]	-7.8	[0.0, 501.0]	-11.7	[0.0, 430.0]	4494.0	0.0	4494.0	0.0	994.7	[' ', 0.0]	9181.0	[' ', 0.0]	6.17	0.0	12.87	0.0	-0.52	0.0		
58	1968	9.7	9.7	0.0	83.0	0.0	61.0	0.0	12.0	0.0	140.0	39.0	0.0	2.0	0.0	210.0	0.0	10.0	0.0	87.0	0.0	0.0	0.0			-20.0	[0.0, 1220.0, ' ']	1499.0	[' ', 0.0, 131.0, ' ']	584.0	[' ', 0.0, 130.0, ' ']	38.6	[' ', 0.0, 1225.0, ' ']	29.4	[0.0, 728.0, '+']	0.0	[0.0, 822.0]	-2.8	[0.0, 921.0]	-5.0	[0.0, 1113.0]	-8.9	[0.0, 1126.0]	-8.9	[0.0, 1126.0]	0.0	[0.0, 613.0]	-2.2	[0.0, 524.0]	-5.6	[0.0, 514.0]	-7.8	[0.0, 421.0]	-9.4	[0.0, 417.0]	4095.3	3.0	4095.3	0.0	781.8	[' ', 0.0]	5890.0	[' ', 0.0]	6.39	0.0	13.15	0.0	-0.37	0.0		
59	1969	12.8	12.8	0.0	83.0	0.0	64.0	0.0	18.0	0.0	138.0			0.0	0.0	198.0	0.0	20.0	0.0	96.0	0.0	0.0	0.0			-16.7	[0.0, 131.0, ' ']	2438.0	[' ', 0.0, 303.0, ' ']			102.4	[' ', 0.0, 121.0, ' ']	30.0	[0.0, 810.0, '+']	-1.7	[0.0, 1003.0]	-2.8	[0.0, 1005.0]	-7.8	[0.0, 1117.0]	-7.8	[0.0, 1117.0]	-10.0	[0.0, 1225.0]	-0.6	[0.0, 628.0]	-2.2	[0.0, 501.0]	-4.4	[0.0, 426.0]	-7.8	[0.0, 407.0]	-8.9	[0.0, 325.0]	4459.0	0.0	4459.0	0.0	1304.2	[' ', 0.0]			6.35	0.0	12.99	0.0	-0.29	0.0		
60	1970	17.5	17.5	0.0	84.0	0.0	61.0	0.0	17.0	0.0	135.0	41.0	0.0	0.0	0.0	207.0	0.0	15.0	0.0	95.0	0.0	0.0	0.0			-15.6	[0.0, 1222.0, ' ']	1676.0	[' ', 0.0, 1221.0, ' ']	762.0	[' ', 0.0, 1217.0, ' ']	47.0	[' ', 0.0, 116.0, ' ']	30.6	[0.0, 813.0, '+']	0.0	[0.0, 905.0]	-3.9	[0.0, 922.0]	-7.8	[0.0, 1027.0]	-7.8	[0.0, 1027.0]	-10.0	[0.0, 1203.0]	0.0	[0.0, 611.0]	-4.4	[0.0, 511.0]	-4.4	[0.0, 511.0]	-6.7	[0.0, 429.0]	-8.9	[0.0, 427.0]	4136.9	9.0	4136.9	0.0	1049.9	[' ', 0.0]	5577.0	[' ', 0.0]	6.52	0.0	13.27	0.0	-0.24	0.0		
61	1971																																																							4577.3	3.0	4577.3	0.0												
62	1972	33.4	33.4	0.0	83.0	0.0	57.0	0.0	4.0	0.0	135.0	32.0	0.0	7.0	0.0	207.0	0.0	23.0	0.0	94.0	0.0	2.0	0.0			-26.7	[0.0, 1211.0, ' ']	1245.0	[' ', 0.0, 128.0, ' ']	406.0	[' ', 0.0, 128.0, ' ']	39.1	[' ', 0.0, 1114.0, ' ']	32.2	[0.0, 809.0, '+']	-1.1	[0.0, 911.0]	-2.2	[0.0, 912.0]	-5.6	[0.0, 1025.0]	-7.8	[0.0, 1029.0]	-12.2	[0.0, 1123.0]	-1.7	[0.0, 611.0]	-2.2	[0.0, 521.0]	-5.6	[0.0, 425.0]	-9.4	[0.0, 414.0]	-9.4	[0.0, 414.0]					632.4	[' ', 0.0]	3528.0	[' ', 0.0]	6.21	0.0	13.28	0.0	-0.86	0.0		
63	1973	0.8	0.8	0.0	93.0	0.0	68.0	0.0	5.0	0.0	155.0			0.0	0.0	209.0	0.0	20.0	0.0	91.0	0.0	0.0	0.0			-16.7	[0.0, 105.0, ' ']	965.0	[' ', 0.0, 213.0, '+']			48.0	[' ', 0.0, 112.0, ' ']	28.3	[0.0, 802.0, '+']	-0.6	[0.0, 824.0]	-2.2	[0.0, 925.0]	-5.0	[0.0, 1010.0]	-7.2	[0.0, 1024.0]	-10.0	[0.0, 1105.0]	-1.1	[0.0, 618.0]	-2.2	[0.0, 615.0]	-4.4	[0.0, 501.0]	-7.2	[0.0, 418.0]	-8.9	[0.0, 330.0]	4515.8	8.0	4515.8	0.0	807.8	[' ', 0.0]			5.76	0.0	12.76	0.0	-1.24	0.0		
64	1974	3.3	3.3	0.0	69.0	0.0	46.0	0.0	6.0	0.0	116.0	41.0	0.0	0.0	0.0	201.0	0.0	17.0	0.0	112.0	0.0	0.0	0.0			-15.0	[0.0, 102.0, ' ']	686.0	[' ', 0.0, 107.0, ' ']	305.0	[' ', 0.0, 1228.0, ' ']	47.0	[' ', 0.0, 301.0, ' ']	31.1	[0.0, 725.0, ' ']	-0.6	[0.0, 914.0]	-3.3	[0.0, 1102.0]	-4.4	[0.0, 1103.0]	-7.2	[0.0, 1122.0]	-10.0	[0.0, 1222.0]	-1.1	[0.0, 711.0]	-2.8	[0.0, 521.0]	-5.0	[0.0, 520.0]	-7.2	[0.0, 519.0]	-12.8	[0.0, 518.0]	4491.9	9.0	4491.9	0.0	626.4	[' ', 0.0]	3477.0	[' ', 0.0]	6.3	0.0	13.38	0.0	-0.78	0.0		
65	1975	11.6	11.6	0.0	87.0	0.0	54.0	0.0	8.0	0.0	154.0	52.0	0.0	0.0	0.0	221.0	0.0	24.0	0.0	89.0	0.0	0.0	0.0			-16.1	[0.0, 1214.0, ' ']	1473.0	[' ', 0.0, 406.0, ' ']	457.0	[' ', 0.0, 322.0, ' ']	34.5	[' ', 0.0, 1007.0, ' ']	31.1	[0.0, 727.0, ' ']	-2.2	[0.0, 1007.0]	-2.2	[0.0, 1007.0]	-8.3	[0.0, 1023.0]	-8.3	[0.0, 1023.0]	-10.0	[0.0, 1111.0]	0.0	[0.0, 702.0]	-5.6	[0.0, 701.0]	-5.6	[0.0, 701.0]	-7.8	[0.0, 505.0]	-10.6	[0.0, 415.0]	4473.8	8.0	4473.8	0.0	728.3	[' ', 0.0]	5624.0	[' ', 0.0]	5.38	0.0	12.22	0.0	-1.45	0.0		
66	1976	4.5	4.5	0.0	56.0	0.0	28.0	0.0	2.0	0.0	57.0	22.0	0.0	0.0	0.0	215.0	0.0	15.0	0.0	67.0	0.0	0.0	0.0			-17.2	[0.0, 305.0, ' ']	508.0	[' ', 0.0, 302.0, ' ']	381.0	[' ', 0.0, 301.0, ' ']	27.2	[' ', 0.0, 815.0, ' ']	28.9	[0.0, 728.0, ' ']	0.0	[0.0, 807.0]	-2.2	[0.0, 1017.0]	-4.4	[0.0, 1027.0]	-7.8	[0.0, 1127.0]	-11.1	[0.0, 1128.0]	-1.1	[0.0, 612.0]	-2.2	[0.0, 604.0]	-5.6	[0.0, 428.0]	-6.7	[0.0, 426.0]	-8.9	[0.0, 417.0]	4512.3	3.0	4512.3	0.0	236.9	[' ', 0.0]	1598.0	[' ', 0.0]	5.88	0.0	13.31	0.0	-1.55	0.0		
67	1978																																																							4117.4	4.0	4117.4	0.0												
68	1979	5.0	5.0	0.0	64.0	0.0	48.0	0.0	7.0	0.0	128.0	42.0	0.0	1.0	0.0	199.0	0.0	9.0	0.0	116.0	0.0	0.0	0.0			-19.4	[0.0, 129.0, ' ']	1626.0	[' ', 0.0, 223.0, ' ']	381.0	[' ', 0.0, 223.0, ' ']	60.7	[' ', 0.0, 1224.0, ' ']	30.0	[0.0, 801.0, ' ']	-1.1	[0.0, 1020.0]	-7.8	[0.0, 1021.0]	-7.8	[0.0, 1021.0]	-7.8	[0.0, 1021.0]	-10.0	[0.0, 1119.0]	-1.1	[0.0, 618.0]	-2.2	[0.0, 530.0]	-6.1	[0.0, 509.0]	-7.2	[0.0, 508.0]	-8.9	[0.0, 331.0]					674.4	[' ', 0.0]	4658.0	[' ', 0.0]	6.46	0.0	13.94	0.0	-1.03	0.0		
69	1980	11.6	11.6	0.0	75.0	0.0	54.0	0.0	12.0	0.0	125.0	37.0	0.0	0.0	0.0	208.0	0.0	3.0	0.0	88.0	0.0	0.0	0.0			-14.4	[0.0, 129.0, ' ']	1118.0	[' ', 0.0, 222.0, ' ']	381.0	[' ', 0.0, 221.0, ' ']	88.6	[' ', 0.0, 112.0, ' ']	31.1	[0.0, 727.0, ' ']	0.0	[0.0, 920.0]	-2.8	[0.0, 1014.0]	-4.4	[0.0, 1113.0]	-7.8	[0.0, 1124.0]	-11.7	[0.0, 1206.0]	0.0	[0.0, 613.0]	-2.2	[0.0, 606.0]	-4.4	[0.0, 525.0]	-10.6	[0.0, 407.0]	-10.6	[0.0, 407.0]	4282.8	8.0	4282.8	0.0	1019.8	[' ', 0.0]	3631.0	[' ', 0.0]	6.54	0.0	13.53	0.0	-0.47	0.0		
70	1981	20.8	20.8	0.0	78.0	0.0	61.0	0.0	17.0	0.0	107.0	33.0	0.0	0.0	0.0	201.0	0.0	4.0	0.0	110.0	0.0	2.0	0.0			-13.3	[0.0, 224.0, ' ']	1016.0	[' ', 0.0, 130.0, ' ']	432.0	[' ', 0.0, 128.0, ' ']	95.0	[' ', 0.0, 1220.0, ' ']	32.8	[0.0, 810.0, ' ']	-1.7	[0.0, 1004.0]	-2.2	[0.0, 1005.0]	-6.1	[0.0, 1012.0]	-7.8	[0.0, 1030.0]	-8.9	[0.0, 1125.0]	-0.6	[0.0, 615.0]	-3.3	[0.0, 613.0]	-4.4	[0.0, 415.0]	-10.6	[0.0, 330.0]	-10.6	[0.0, 330.0]	4030.6	6.0	4030.6	0.0	1185.3	[' ', 0.0]	2943.0	[' ', 0.0]	7.51	0.0	14.73	0.0	0.29	0.0		
71	1982	4.6	4.6	0.0	93.0	0.0	77.0	0.0	23.0	0.0	172.0	50.0	0.0	3.0	0.0	213.0	0.0	19.0	0.0	75.0	0.0	0.0	0.0			-21.1	[0.0, 106.0, ' ']	1880.0	[' ', 0.0, 404.0, ' ']	432.0	[' ', 0.0, 331.0, '+']	67.1	[' ', 0.0, 1222.0, ' ']	29.4	[0.0, 731.0, ' ']	0.0	[0.0, 916.0]	-4.4	[0.0, 1001.0]	-4.4	[0.0, 1001.0]	-10.0	[0.0, 1109.0]	-10.0	[0.0, 1109.0]	0.0	[0.0, 608.0]	-2.2	[0.0, 606.0]	-4.4	[0.0, 605.0]	-7.2	[0.0, 416.0]	-10.0	[0.0, 408.0]	4288.5	5.0	4288.5	0.0	1463.4	[' ', 0.0]	7063.0	[' ', 0.0]	5.47	0.0	12.13	0.0	-1.19	0.0		
72	1983	5.5	5.5	0.0	117.0	0.0	87.0	0.0	14.0	0.0	185.0	60.0	0.0	0.0	0.0	185.0	0.0	6.0	0.0	76.0	0.0	0.0	0.0			-12.2	[0.0, 1205.0, '+']	2032.0	[' ', 0.0, 324.0, ' ']	356.0	[' ', 0.0, 226.0, ' ']	73.7	[' ', 0.0, 1111.0, ' ']	29.4	[0.0, 807.0, ' ']	-2.2	[0.0, 920.0]	-2.2	[0.0, 920.0]	-8.3	[0.0, 1114.0]	-8.3	[0.0, 1114.0]	-11.1	[0.0, 1122.0]	-0.6	[0.0, 720.0]	-4.4	[0.0, 514.0]	-4.4	[0.0, 514.0]	-7.8	[0.0, 506.0]	-8.9	[0.0, 412.0]	4428.7	7.0	4428.7	0.0	1315.9	[' ', 0.0]	5912.0	[' ', 0.0]	6.05	0.0	12.4	0.0	-0.29	0.0		
73	1984	21.2	21.2	0.0	84.0	0.0	49.0	0.0	6.0	0.0	153.0	37.0	0.0	0.0	0.0	199.0	0.0	6.0	0.0	106.0	0.0	0.0	0.0			-16.1	[0.0, 1217.0, ' ']	940.0	[' ', 0.0, 222.0, ' ']	381.0	[' ', 0.0, 1216.0, ' ']	45.2	[' ', 0.0, 1128.0, ' ']	30.6	[0.0, 705.0, ' ']	-0.6	[0.0, 924.0]	-2.2	[0.0, 925.0]	-4.4	[0.0, 1017.0]	-7.8	[0.0, 1018.0]	-13.3	[0.0, 1126.0]	0.0	[0.0, 621.0]	-3.9	[0.0, 516.0]	-5.0	[0.0, 506.0]	-8.9	[0.0, 428.0]	-8.9	[0.0, 428.0]	4040.4	4.0	4040.4	0.0	673.6	[' ', 0.0]	3599.0	[' ', 0.0]	6.72	0.0	13.78	0.0	-0.33	0.0		
74	1985	16.4	16.4	0.0	63.0	0.0	40.0	0.0	8.0	0.0	156.0	36.0	0.0	0.0	0.0	206.0	0.0	19.0	0.0	91.0	0.0	0.0	0.0			-17.2	[0.0, 201.0, ' ']	1549.0	[' ', 0.0, 209.0, ' ']	787.0	[' ', 0.0, 208.0, ' ']	44.5	[' ', 0.0, 327.0, ' ']	31.1	[0.0, 619.0, ' ']	-1.1	[0.0, 910.0]	-2.2	[0.0, 912.0]	-5.0	[0.0, 1014.0]	-7.8	[0.0, 1109.0]	-11.7	[0.0, 1111.0]	0.0	[0.0, 602.0]	-2.8	[0.0, 530.0]	-5.0	[0.0, 420.0]	-8.9	[0.0, 330.0]	-8.9	[0.0, 330.0]	3988.1	1.0	3988.1	0.0	603.1	[' ', 0.0]	4797.0	[' ', 0.0]	6.51	0.0	13.77	0.0	-0.76	0.0		
75	1986	2.6	2.6	0.0	73.0	0.0	51.0	0.0	12.0	0.0	118.0	34.0	0.0	0.0	0.0	205.0	0.0	3.0	0.0	97.0	0.0	0.0	0.0			-12.8	[0.0, 209.0, ' ']	1067.0	[' ', 0.0, 221.0, '+']	305.0	[' ', 0.0, 220.0, ' ']	110.7	[' ', 0.0, 218.0, ' ']	28.3	[0.0, 906.0, '+']	0.0	[0.0, 910.0]	-2.2	[0.0, 918.0]	-5.6	[0.0, 1107.0]	-6.7	[0.0, 1108.0]	-9.4	[0.0, 1130.0]	-3.9	[0.0, 522.0]	-3.9	[0.0, 522.0]	-6.1	[0.0, 507.0]	-10.0	[0.0, 506.0]	-10.0	[0.0, 506.0]	4068.6	6.0	4068.6	0.0	1072.6	[' ', 0.0]	2894.0	[' ', 0.0]	7.41	0.0	14.39	0.0	0.41	0.0		
76	1987	16.0	16.0	0.0	89.0	0.0	54.0	0.0	4.0	0.0		25.0	0.0	0.0	0.0	168.0	0.0	12.0	0.0	125.0	0.0	0.0	0.0			-17.2	[0.0, 116.0, ' ']			203.0	[' ', 0.0, 313.0, ' ']	57.2	[' ', 0.0, 213.0, ' ']	31.1	[0.0, 805.0, ' ']	-1.1	[0.0, 1014.0]	-2.2	[0.0, 1102.0]	-7.2	[0.0, 1115.0]	-7.2	[0.0, 1115.0]	-8.9	[0.0, 1126.0]	-1.1	[0.0, 722.0]	-3.9	[0.0, 502.0]	-4.4	[0.0, 420.0]	-7.2	[0.0, 419.0]	-9.4	[0.0, 322.0]	4007.3	3.0	4007.3	0.0	539.1	[' ', 0.0]	2299.0	[' ', 0.0]	7.31	0.0	14.74	0.0	-0.13	0.0		
77	1988	49.4	49.4	0.0	69.0	0.0	47.0	0.0	4.0	0.0	118.0	31.0	0.0	1.0	0.0	192.0	0.0	9.0	0.0	128.0	0.0	1.0	0.0			-18.3	[0.0, 1227.0, ' ']	1067.0	[' ', 0.0, 1225.0, ' ']	330.0	[' ', 0.0, 1221.0, '+']	69.3	[' ', 0.0, 1123.0, ' ']	32.8	[0.0, 719.0, ' ']	-1.7	[0.0, 918.0]	-3.9	[0.0, 1109.0]	-7.2	[0.0, 1114.0]	-7.2	[0.0, 1114.0]	-8.9	[0.0, 1118.0]	-1.1	[0.0, 609.0]	-3.9	[0.0, 608.0]	-4.4	[0.0, 530.0]	-6.7	[0.0, 506.0]	-9.4	[0.0, 310.0]	3892.7	7.0	3892.7	0.0	588.8	[' ', 0.0]	3440.0	[' ', 0.0]	7.62	0.0	15.5	0.0	-0.25	0.0		
78	1989	11.2	11.2	0.0	76.0	0.0	61.0	0.0	3.0	0.0		34.0	0.0	5.0	0.0	189.0	0.0	7.0	0.0	102.0	0.0	0.0	0.0			-26.1	[0.0, 207.0, ' ']			406.0	[' ', 0.0, 203.0, ' ']	74.4	[' ', 0.0, 1126.0, ' ']	30.6	[0.0, 723.0, '+']	0.0	[0.0, 903.0]	-3.9	[0.0, 1025.0]	-6.7	[0.0, 1026.0]	-6.7	[0.0, 1026.0]	-12.2	[0.0, 1127.0]	0.0	[0.0, 701.0]	-2.2	[0.0, 529.0]	-4.4	[0.0, 427.0]	-7.2	[0.0, 326.0]	-13.3	[0.0, 304.0]	3807.3	3.0	3807.3	0.0	783.6	[' ', 0.0]	3399.0	[' ', 0.0]	6.87	0.0	14.79	0.0	-1.05	0.0		
79	1990	26.9	26.9	0.0	69.0	0.0	45.0	0.0	3.0	0.0	125.0	24.0	0.0	7.0	0.0	189.0	0.0	11.0	0.0	107.0	0.0	1.0	0.0			-23.3	[0.0, 1222.0, ' ']	1626.0	[' ', 0.0, 218.0, ' ']	508.0	[' ', 0.0, 217.0, ' ']	40.4	[' ', 0.0, 217.0, ' ']	32.2	[0.0, 806.0, ' ']	-2.2	[0.0, 1008.0]	-2.2	[0.0, 1008.0]	-4.4	[0.0, 1020.0]	-7.8	[0.0, 1107.0]	-10.0	[0.0, 1120.0]	-0.6	[0.0, 613.0]	-4.4	[0.0, 601.0]	-4.4	[0.0, 601.0]	-11.1	[0.0, 314.0]	-11.1	[0.0, 314.0]	4020.5	5.0	4020.5	0.0	504.4	[' ', 0.0]	3071.0	[' ', 0.0]	6.97	0.0	14.98	0.0	-1.04	0.0		
80	1991	9.9	9.9	0.0	73.0	0.0	43.0	0.0	8.0	0.0				0.0	0.0	201.0	0.0	4.0	0.0	125.0	0.0	0.0	0.0			-13.3	[0.0, 129.0, ' ']					63.8	[' ', 0.0, 1026.0, ' ']	31.7	[0.0, 705.0, ' ']	0.0	[0.0, 1021.0]	-3.3	[0.0, 1024.0]	-4.4	[0.0, 1027.0]	-7.8	[0.0, 1028.0]	-12.2	[0.0, 1130.0]	0.0	[0.0, 626.0]	-2.2	[0.0, 519.0]	-4.4	[0.0, 511.0]	-7.2	[0.0, 411.0]	-10.0	[0.0, 328.0]	4186.4	4.0	4186.4	0.0	671.4	[' ', 0.0]			7.1	0.0	14.79	0.0	-0.6	0.0		
81	1992	19.7	19.7	0.0	70.0	0.0	36.0	0.0	9.0	0.0	97.0	21.0	0.0	1.0	0.0	174.0	0.0	7.0	0.0	138.0	0.0	1.0	0.0			-17.8	[0.0, 1219.0, ' ']	1575.0	[' ', 0.0, 1231.0, ' ']	533.0	[' ', 0.0, 1229.0, ' ']	67.8	[' ', 0.0, 1209.0, ' ']	32.2	[0.0, 812.0, ' ']	-1.1	[0.0, 1003.0]	-2.2	[0.0, 1103.0]	-7.8	[0.0, 1109.0]	-7.8	[0.0, 1109.0]	-11.7	[0.0, 1120.0]	-0.6	[0.0, 616.0]	-2.8	[0.0, 613.0]	-5.0	[0.0, 406.0]	-6.7	[0.0, 307.0]	-9.4	[0.0, 203.0]	3590.4	4.0	3590.4	0.0	672.0	[' ', 0.0]	3492.0	[' ', 0.0]	7.88	0.0	15.65	0.0	0.1	0.0		
82	1993	8.4	8.4	0.0	71.0	0.0	53.0	0.0	7.0	0.0	136.0			3.0	0.0	200.0	0.0	17.0	0.0	103.0	0.0	0.0	0.0			-20.6	[0.0, 103.0, ' ']	2464.0	[' ', 0.0, 224.0, ' ']			67.8	[' ', 0.0, 220.0, ' ']	31.7	[0.0, 803.0, ' ']	0.0	[0.0, 919.0]	-2.2	[0.0, 1019.0]	-4.4	[0.0, 1108.0]	-7.2	[0.0, 1114.0]	-11.1	[0.0, 1115.0]	-0.6	[0.0, 622.0]	-2.2	[0.0, 508.0]	-4.4	[0.0, 419.0]	-6.7	[0.0, 412.0]	-9.4	[0.0, 302.0]	4113.6	6.0	4113.6	0.0	815.3	[' ', 0.0]			6.24	0.0	13.68	0.0	-1.21	0.0		
83	1994	27.3	27.3	0.0	70.0	0.0	49.0	0.0	4.0	0.0				0.0	0.0	201.0	0.0	13.0	0.0	120.0	0.0	1.0	0.0			-16.7	[0.0, 1208.0, '+']					49.8	[' ', 0.0, 218.0, ' ']	32.2	[0.0, 722.0, ' ']	0.0	[0.0, 911.0]	-2.2	[0.0, 1015.0]	-6.1	[0.0, 1021.0]	-8.3	[0.0, 1103.0]	-9.4	[0.0, 1112.0]	-0.6	[0.0, 618.0]	-2.2	[0.0, 616.0]	-5.0	[0.0, 426.0]	-12.2	[0.0, 323.0]	-12.2	[0.0, 323.0]	4044.0	0.0	4044.0	0.0	635.8	[' ', 0.0]			6.89	0.0	14.91	0.0	-1.14	0.0		
84	1995	8.7	8.7	0.0	94.0	0.0	71.0	0.0	15.0	0.0	148.0	43.0	0.0	0.0	0.0	183.0	0.0	7.0	0.0	95.0	0.0	0.0	0.0			-16.1	[0.0, 214.0, ' ']	2108.0	[' ', 0.0, 324.0, ' ']	813.0	[' ', 0.0, 323.0, ' ']	101.1	[' ', 0.0, 323.0, ' ']	29.4	[0.0, 729.0, ' ']	-1.1	[0.0, 929.0]	-2.2	[0.0, 1004.0]	-5.0	[0.0, 1104.0]	-6.7	[0.0, 1214.0]	-11.1	[0.0, 1217.0]	0.0	[0.0, 621.0]	-2.2	[0.0, 607.0]	-4.4	[0.0, 513.0]	-8.3	[0.0, 421.0]	-8.9	[0.0, 414.0]	4311.4	4.0	4311.4	0.0	1438.3	[' ', 0.0]	6249.0	[' ', 0.0]	6.85	0.0	13.82	0.0	-0.12	0.0		
85	1996	12.1	12.1	0.0	97.0	0.0	74.0	0.0	27.0	0.0	124.0	41.0	0.0	0.0	0.0	188.0	0.0	12.0	0.0	110.0	0.0	0.0	0.0			-15.0	[0.0, 306.0, '+']	1575.0	[' ', 0.0, 128.0, ' ']	940.0	[' ', 0.0, 1221.0, ' ']	78.7	[' ', 0.0, 125.0, ' ']	30.0	[0.0, 725.0, ' ']	0.0	[0.0, 905.0]	-2.8	[0.0, 1017.0]	-6.7	[0.0, 1020.0]	-6.7	[0.0, 1020.0]	-9.4	[0.0, 1224.0]	0.0	[0.0, 627.0]	-2.2	[0.0, 504.0]	-6.7	[0.0, 421.0]	-6.7	[0.0, 421.0]	-11.7	[0.0, 420.0]	3857.5	5.0	3857.5	0.0	1680.4	[' ', 0.0]	8166.0	[' ', 0.0]	7.16	0.0	14.09	0.0	0.24	0.0		
86	1997	6.5	6.5	0.0	70.0	0.0	46.0	0.0	8.0	0.0	120.0	27.0	0.0	0.0	0.0	187.0	0.0	10.0	0.0	98.0	0.0	0.0	0.0			-16.7	[0.0, 114.0, ' ']	1118.0	[' ', 0.0, 126.0, ' ']	533.0	[' ', 0.0, 123.0, ' ']	118.1	[' ', 0.0, 102.0, ' ']	30.6	[0.0, 808.0, ' ']	0.0	[0.0, 915.0]	-2.2	[0.0, 1008.0]	-5.0	[0.0, 1108.0]	-12.8	[0.0, 1209.0]	-12.8	[0.0, 1209.0]	-1.1	[0.0, 701.0]	-3.9	[0.0, 501.0]	-5.0	[0.0, 412.0]	-7.2	[0.0, 405.0]	-8.9	[0.0, 401.0]	3877.6	6.0	3877.6	0.0	845.5	[' ', 0.0]	3062.0	[' ', 0.0]	7.15	0.0	13.95	0.0	0.33	0.0		
87	1998	23.6	23.6	0.0	108.0	0.0	80.0	0.0	14.0	0.0		54.0	0.0	2.0	0.0	203.0	0.0	11.0	0.0	84.0	0.0	0.0	0.0			-17.8	[0.0, 1223.0, '+']			432.0	[' ', 0.0, 222.0, ' ']	70.1	[' ', 0.0, 324.0, ' ']	30.6	[0.0, 719.0, '+']	0.0	[0.0, 910.0]	-2.2	[0.0, 1004.0]	-4.4	[0.0, 1031.0]	-8.3	[0.0, 1109.0]	-9.4	[0.0, 1122.0]	-2.8	[0.0, 530.0]	-2.8	[0.0, 530.0]	-5.6	[0.0, 517.0]	-10.6	[0.0, 416.0]	-10.6	[0.0, 416.0]	4369.3	3.0	4369.3	0.0	1211.2	[' ', 0.0]	6198.0	[' ', 0.0]	6.05	0.0	12.45	0.0	-0.35	0.0		
88	1999	6.7	6.7	0.0	68.0	0.0	51.0	0.0	12.0	0.0	148.0	37.0	0.0	0.0	0.0	195.0	0.0	10.0	0.0	102.0	0.0	0.0	0.0			-15.0	[0.0, 409.0, ' ']	1702.0	[' ', 0.0, 221.0, ' ']	584.0	[' ', 0.0, 210.0, ' ']	91.9	[' ', 0.0, 209.0, ' ']	30.6	[0.0, 713.0, ' ']	-0.6	[0.0, 1007.0]	-2.8	[0.0, 1017.0]	-5.0	[0.0, 1030.0]	-9.4	[0.0, 1122.0]	-9.4	[0.0, 1122.0]	-0.6	[0.0, 610.0]	-3.3	[0.0, 608.0]	-4.4	[0.0, 412.0]	-11.7	[0.0, 410.0]	-11.7	[0.0, 410.0]	4285.7	7.0	4285.7	0.0	934.7	[' ', 0.0]	5892.0	[' ', 0.0]	6.72	0.0	13.79	0.0	-0.34	0.0		
89	2000	14.2	14.2	0.0	68.0	0.0	48.0	0.0	8.0	0.0	130.0	34.0	0.0	0.0	0.0	190.0	0.0	3.0	0.0	109.0	0.0	0.0	0.0			-13.3	[0.0, 102.0, ' ']	1092.0	[' ', 0.0, 228.0, ' ']	406.0	[' ', 0.0, 223.0, ' ']	72.6	[' ', 0.0, 125.0, ' ']	31.1	[0.0, 801.0, ' ']	-1.7	[0.0, 905.0]	-2.8	[0.0, 1012.0]	-4.4	[0.0, 1022.0]	-6.7	[0.0, 1109.0]	-9.4	[0.0, 1111.0]	0.0	[0.0, 517.0]	-3.9	[0.0, 512.0]	-8.3	[0.0, 511.0]	-8.3	[0.0, 511.0]	-8.9	[0.0, 321.0]	3849.2	2.0	3849.2	0.0	812.3	[' ', 0.0]	3948.0	[' ', 0.0]	7.21	0.0	13.92	0.0	0.51	0.0		
90	2001	31.4	31.4	0.0	71.0	0.0	51.0	0.0	5.0	0.0	126.0	40.0	0.0	0.0	0.0	165.0	0.0	14.0	0.0	126.0	0.0	0.0	0.0			-15.6	[0.0, 212.0, ' ']	965.0	[' ', 0.0, 1223.0, '+']	508.0	[' ', 0.0, 1203.0, ' ']	60.7	[' ', 0.0, 1122.0, ' ']	31.7	[0.0, 809.0, ' ']	-1.1	[0.0, 1009.0]	-2.2	[0.0, 1109.0]	-5.6	[0.0, 1123.0]	-11.7	[0.0, 1126.0]	-11.7	[0.0, 1126.0]	0.0	[0.0, 613.0]	-3.3	[0.0, 504.0]	-4.4	[0.0, 415.0]	-6.7	[0.0, 414.0]	-9.4	[0.0, 412.0]	4050.5	5.0	4050.5	0.0	674.5	[' ', 0.0]	5141.0	[' ', 0.0]	7.68	0.0	14.79	0.0	0.56	0.0		
91	2002	39.2	39.2	0.0	62.0	0.0	50.0	0.0	8.0	0.0	119.0	33.0	0.0	2.0	0.0	202.0	0.0	20.0	0.0	107.0	0.0	2.0	0.0			-17.8	[0.0, 130.0, '+']	1143.0	[' ', 0.0, 1221.0, ' ']	457.0	[' ', 0.0, 1229.0, ' ']	67.1	[' ', 0.0, 1108.0, ' ']	32.8	[0.0, 711.0, ' ']	-0.6	[0.0, 907.0]	-3.3	[0.0, 1024.0]	-6.7	[0.0, 1101.0]	-6.7	[0.0, 1101.0]	-11.1	[0.0, 1218.0]	-1.1	[0.0, 609.0]	-4.4	[0.0, 522.0]	-4.4	[0.0, 522.0]	-6.7	[0.0, 418.0]	-11.7	[0.0, 319.0]	3878.1	1.0	3878.1	0.0	729.4	[' ', 0.0]	4903.0	[' ', 0.0]	7.22	0.0	14.47	0.0	-0.02	0.0		
92	2003	39.3	39.3	0.0	85.0	0.0	56.0	0.0	5.0	0.0	130.0	32.0	0.0	0.0	0.0	180.0	0.0	9.0	0.0	135.0	0.0	1.0	0.0			-16.1	[0.0, 1227.0, ' ']	1092.0	[' ', 0.0, 101.0, ' ']	508.0	[' ', 0.0, 413.0, ' ']	70.1	[' ', 0.0, 413.0, ' ']	32.2	[0.0, 723.0, ' ']	-1.1	[0.0, 1010.0]	-2.2	[0.0, 1030.0]	-5.6	[0.0, 1031.0]	-10.6	[0.0, 1102.0]	-10.6	[0.0, 1102.0]	0.0	[0.0, 520.0]	-2.8	[0.0, 518.0]	-6.7	[0.0, 430.0]	-6.7	[0.0, 430.0]	-10.6	[0.0, 405.0]	3876.2	2.0	3876.2	0.0	704.3	[' ', 0.0]	4369.0	[' ', 0.0]	7.53	0.0	14.57	0.0	0.49	0.0		
93	2004	16.7	16.7	0.0	55.0	0.0	38.0	0.0	7.0	0.0	134.0	28.0	0.0	1.0	0.0	202.0	0.0	8.0	0.0	113.0	0.0	0.0	0.0			-18.9	[0.0, 104.0, ' ']	1270.0	[' ', 0.0, 227.0, ' ']	737.0	[' ', 0.0, 1231.0, ' ']	83.1	[' ', 0.0, 1231.0, ' ']	30.6	[0.0, 812.0, ' ']	-2.2	[0.0, 920.0]	-2.2	[0.0, 920.0]	-6.7	[0.0, 1021.0]	-6.7	[0.0, 1021.0]	-8.9	[0.0, 1028.0]	-0.6	[0.0, 611.0]	-3.3	[0.0, 512.0]	-7.8	[0.0, 326.0]	-7.8	[0.0, 326.0]	-9.4	[0.0, 229.0]	3883.0	0.0	3883.0	0.0	663.4	[' ', 0.0]	5299.0	[' ', 0.0]	6.97	0.0	14.28	0.0	-0.34	0.0		
94	2005	30.9	30.9	0.0	95.0	0.0	73.0	0.0	15.0	0.0	124.0	37.0	0.0	0.0	0.0	201.0	0.0	6.0	0.0	90.0	0.0	0.0	0.0			-15.0	[0.0, 113.0, ' ']	1702.0	[' ', 0.0, 111.0, ' ']	508.0	[' ', 0.0, 108.0, ' ']	136.4	[' ', 0.0, 1231.0, ' ']	31.1	[0.0, 717.0, ' ']	-2.8	[0.0, 911.0]	-2.8	[0.0, 911.0]	-4.4	[0.0, 1103.0]	-7.8	[0.0, 1126.0]	-12.2	[0.0, 1127.0]	-1.1	[0.0, 619.0]	-4.4	[0.0, 607.0]	-4.4	[0.0, 607.0]	-6.7	[0.0, 415.0]	-10.6	[0.0, 414.0]	4366.0	0.0	4366.0	0.0	1181.8	[' ', 0.0]	4752.0	[' ', 0.0]	6.62	0.0	13.27	0.0	-0.04	0.0		
95	2006	29.0	29.0	0.0	95.0	0.0	74.0	0.0	3.0	0.0	141.0	48.0	0.0	0.0	0.0	193.0	0.0	21.0	0.0	111.0	0.0	0.0	0.0			-15.6	[0.0, 312.0, ' ']	1016.0	[' ', 0.0, 315.0, ' ']	368.0	[' ', 0.0, 314.0, ' ']	62.7	[' ', 0.0, 228.0, ' ']	30.6	[0.0, 727.0, ' ']	-3.9	[0.0, 916.0]	-3.9	[0.0, 916.0]	-5.6	[0.0, 1026.0]	-6.7	[0.0, 1112.0]	-14.4	[0.0, 1129.0]	-1.1	[0.0, 614.0]	-2.8	[0.0, 529.0]	-5.6	[0.0, 419.0]	-7.8	[0.0, 418.0]	-11.1	[0.0, 329.0]	4198.2	2.0	4198.2	0.0	811.3	[' ', 0.0]	5293.0	[' ', 0.0]	6.6	0.0	13.54	0.0	-0.33	0.0		
96	2007	16.2	16.2	0.0	60.0	0.0	38.0	0.0	5.0	0.0	95.0	21.0	0.0	1.0	0.0	184.0	0.0	16.0	0.0	108.0	0.0	0.0	0.0			-18.9	[0.0, 113.0, ' ']	1067.0	[' ', 0.0, 227.0, ' ']	508.0	[' ', 0.0, 227.0, ' ']	43.7	[' ', 0.0, 227.0, ' ']	31.1	[0.0, 705.0, ' ']	-1.1	[0.0, 924.0]	-4.4	[0.0, 929.0]	-4.4	[0.0, 929.0]	-7.8	[0.0, 1124.0]	-9.4	[0.0, 1208.0]	-2.8	[0.0, 607.0]	-2.8	[0.0, 607.0]	-7.8	[0.0, 419.0]	-7.8	[0.0, 419.0]	-13.3	[0.0, 302.0]	3992.6	6.0	3992.6	0.0	486.9	[' ', 0.0]	3165.0	[' ', 0.0]	7.01	0.0	14.13	0.0	-0.11	0.0		
97	2008	19.0	19.0	0.0	65.0	0.0	40.0	0.0	7.0	0.0	120.0	33.0	0.0	0.0	0.0	206.0	0.0	26.0	0.0	110.0	0.0	0.0	0.0			-16.1	[0.0, 1218.0, ' ']	1651.0	[' ', 0.0, 203.0, ' ']	533.0	[' ', 0.0, 1225.0, ' ']	66.8	[' ', 0.0, 105.0, ' ']	31.7	[0.0, 815.0, ' ']	0.0	[0.0, 901.0]	-4.4	[0.0, 1010.0]	-4.4	[0.0, 1010.0]	-6.7	[0.0, 1013.0]	-11.1	[0.0, 1214.0]	0.0	[0.0, 611.0]	-3.3	[0.0, 512.0]	-5.0	[0.0, 501.0]	-7.8	[0.0, 424.0]	-9.4	[0.0, 421.0]	4233.6	6.0	4233.6	0.0	560.7	[' ', 0.0]	5398.0	[' ', 0.0]	6.6	0.0	13.83	0.0	-0.64	0.0		
98	2009	22.4	22.4	0.0	77.0	0.0	49.0	0.0	7.0	0.0	128.0	33.0	0.0	3.0	0.0	192.0	0.0	20.0	0.0	107.0	0.0	0.0	0.0			-20.0	[0.0, 1208.0, ' ']	1016.0	[' ', 0.0, 304.0, ' ']	635.0	[' ', 0.0, 304.0, ' ']	81.5	[' ', 0.0, 1014.0, ' ']	30.6	[0.0, 728.0, ' ']	-2.8	[0.0, 930.0]	-2.8	[0.0, 930.0]	-4.4	[0.0, 1004.0]	-7.2	[0.0, 1029.0]	-9.4	[0.0, 1121.0]	0.0	[0.0, 514.0]	-2.8	[0.0, 501.0]	-4.4	[0.0, 429.0]	-7.8	[0.0, 416.0]	-9.4	[0.0, 324.0]	3996.7	7.0	3996.7	0.0	691.2	[' ', 0.0]	4012.0	[' ', 0.0]	6.51	0.0	13.73	0.0	-0.71	0.0		
99	2010																																																							4296.4	4.0	4296.4	0.0												
100	2011	2.6	2.6		67.0		54.0		11.0			35.0		1.0		217.0		11.0		96.0		0.0				-18.3	['K', 226.0, ' ']			610.0	[' ', 'Z', 218.0, ' ']	70.4	[' ', 'K', 316.0, ' ']	28.9	['K', 827.0, ' ']	0.0	['K', 1005.0]	-2.2	['K', 1007.0]	-4.4	['K', 1102.0]	-7.2	['K', 1104.0]	-10.6	['K', 1105.0]	-0.6	['K', 607.0]	-3.3	['K', 603.0]	-5.6	['K', 529.0]	-6.7	['K', 516.0]	-9.4	['K', 430.0]					749.7	[' ', 'K']	5538.0	[' ', 'Z']	5.97		13.04		-1.1			
101	2012	31.2	31.2	7.0	83.0	7.0	60.0	7.0	12.0	7.0		38.0	7.0	0.0	7.0	190.0	7.0	18.0	7.0	126.0	7.0	0.0	7.0			-15.0	[7.0, 1219.0, '+']			432.0	[' ', 7.0, 1226.0, ' ']	79.0	[' ', 7.0, 121.0, ' ']	31.1	[7.0, 812.0, ' ']	0.0	[7.0, 1021.0]	-2.2	[7.0, 1023.0]	-5.0	[7.0, 1024.0]	-8.9	[7.0, 1109.0]	-8.9	[7.0, 1109.0]	0.0	['K', 626.0]	-2.2	['K', 606.0]	-6.1	['K', 414.0]	-8.3	['K', 407.0]	-12.2	['K', 406.0]	4154.0	0.0	4154.0	7.0	943.3	[' ', 7.0]	4701.0	[' ', 7.0]	7.38	7.0	14.68	7.0	0.07	7.0		
102	2013	40.7	40.7	7.0	54.0	7.0	29.0	7.0	0.0	7.0		12.0	7.0	4.0	7.0	213.0	7.0	15.0	7.0	107.0	7.0	2.0	7.0			-18.9	[7.0, 1208.0, ' ']			330.0	[' ', 7.0, 1207.0, ' ']	23.4	[' ', 7.0, 507.0, ' ']	32.2	[7.0, 722.0, '+']	-1.1	[7.0, 922.0]	-2.2	[7.0, 926.0]	-5.0	[7.0, 1004.0]	-14.4	[7.0, 1204.0]	-14.4	[7.0, 1204.0]	0.0	[7.0, 620.0]	-2.2	[7.0, 524.0]	-5.0	[7.0, 418.0]	-6.7	[7.0, 417.0]	-12.2	[7.0, 224.0]	3974.6	6.0	3974.6	7.0	228.3	[' ', 7.0]	1053.0	[' ', 7.0]	7.1	7.0	14.55	7.0	-0.36	7.0		
103	2014	46.7	46.7	7.0	75.0	7.0	48.0	7.0	5.0	7.0	47.0	20.0	7.0	0.0	7.0	191.0	7.0	4.0	7.0	121.0	7.0	1.0	7.0			-12.8	[7.0, 1231.0, ' ']	203.0	[' ', 7.0, 401.0, ' ']	203.0	[' ', 7.0, 401.0, ' ']	112.0	[' ', 7.0, 209.0, ' ']	33.3	[7.0, 715.0, ' ']	0.0	[7.0, 926.0]	-2.2	[7.0, 1022.0]	-5.6	[7.0, 1103.0]	-6.7	[7.0, 1116.0]	-8.9	[7.0, 1225.0]	-1.1	[7.0, 626.0]	-2.2	[7.0, 512.0]	-4.4	[7.0, 428.0]	-6.7	[7.0, 401.0]	-9.4	[7.0, 312.0]	3910.5	5.0	3910.5	7.0	629.3	[' ', 7.0]	1169.0	[' ', 7.0]	8.29	7.0	15.67	7.0	0.92	7.0		
104	2015	30.9	30.9	7.0	58.0	7.0	42.0	7.0	3.0	7.0	55.0	19.0	7.0	0.0	7.0	192.0	7.0	14.0	7.0	123.0	7.0	0.0	7.0			-15.0	[7.0, 1226.0, '+']	432.0	[' ', 7.0, 1226.0, '+']	305.0	[' ', 7.0, 1211.0, ' ']	58.9	[' ', 7.0, 1222.0, ' ']	31.1	[7.0, 825.0, '+']	-1.1	[7.0, 905.0]	-2.2	[7.0, 1030.0]	-5.6	[7.0, 1104.0]	-7.2	[7.0, 1105.0]	-11.7	[7.0, 1126.0]	-0.6	[7.0, 519.0]	-2.2	[7.0, 507.0]	-5.0	[7.0, 424.0]	-6.7	[7.0, 407.0]	-10.6	[7.0, 406.0]	3572.6	6.0	3572.6	7.0	574.3	[' ', 7.0]	1981.0	[' ', 7.0]	8.04	7.0	15.57	7.0	0.51	7.0		
105	2016	23.6	23.6	7.0	89.0	7.0	56.0	7.0	11.0	7.0	112.0	27.0	7.0	0.0	7.0	189.0	7.0	6.0	7.0	109.0	7.0	2.0	7.0			-16.1	[7.0, 1225.0, ' ']	737.0	[' ', 7.0, 115.0, ' ']	279.0	[' ', 7.0, 1127.0, '+']	65.3	[' ', 7.0, 1216.0, ' ']	32.2	[7.0, 730.0, '+']	-0.6	[7.0, 922.0]	-2.2	[7.0, 923.0]	-7.8	[7.0, 1117.0]	-7.8	[7.0, 1117.0]	-8.9	[7.0, 1124.0]	-1.1	[7.0, 607.0]	-2.2	[7.0, 523.0]	-5.0	[7.0, 424.0]	-7.2	[7.0, 329.0]	-8.9	[7.0, 204.0]	4003.5	5.0	4003.5	7.0	982.9	[' ', 7.0]	2782.0	[' ', 7.0]	7.48	7.0	14.85	7.0	0.1	7.0		
106	2017	46.5	46.5	7.0	92.0	7.0	70.0	7.0	21.0	7.0	131.0	40.0	7.0	0.0	7.0	198.0	7.0	13.0	7.0	106.0	7.0	0.0	7.0			-16.7	[7.0, 224.0, ' ']	1880.0	[' ', 7.0, 306.0, ' ']	457.0	[' ', 7.0, 111.0, ' ']	96.0	[' ', 7.0, 210.0, ' ']	30.6	[7.0, 709.0, ' ']	-0.6	[7.0, 921.0]	-2.8	[7.0, 1004.0]	-5.6	[7.0, 1107.0]	-10.6	[7.0, 1204.0]	-10.6	[7.0, 1204.0]	-1.7	[7.0, 613.0]	-3.9	[7.0, 610.0]	-5.6	[7.0, 415.0]	-8.9	[7.0, 414.0]	-8.9	[7.0, 414.0]	4191.7	7.0	4191.7	7.0	1518.8	[' ', 7.0]	5906.0	[' ', 7.0]	7.16	7.0	13.89	7.0	0.43	7.0		
107	2018	48.6	48.6	7.0	68.0	7.0	51.0	7.0	11.0	7.0	102.0	30.0	7.0	0.0	7.0	189.0	7.0	18.0	7.0	106.0	7.0	0.0	7.0			-15.6	[7.0, 220.0, ' ']	1245.0	[' ', 7.0, 317.0, ' ']	559.0	[' ', 7.0, 317.0, ' ']	63.2	[' ', 7.0, 322.0, ' ']	30.6	[7.0, 808.0, '+']	-1.7	[7.0, 1007.0]	-2.2	[7.0, 1014.0]	-6.7	[7.0, 1109.0]	-6.7	[7.0, 1109.0]	-11.1	[7.0, 1202.0]	-1.1	[7.0, 610.0]	-3.3	[7.0, 430.0]	-5.0	[7.0, 418.0]	-10.0	[7.0, 417.0]	-10.0	[7.0, 417.0]	4006.8	8.0	4006.8	7.0	759.7	[' ', 7.0]	4232.0	[' ', 7.0]	7.41	7.0	14.49	7.0	0.33	7.0		
108	2019	6.5	6.5	7.0	97.0	7.0	67.0	7.0	13.0	7.0	148.0	44.0	7.0	0.0	7.0	214.0	7.0	20.0	7.0	89.0	7.0	0.0	7.0			-17.2	[7.0, 211.0, ' ']	1702.0	[' ', 7.0, 217.0, ' ']	686.0	[' ', 7.0, 210.0, ' ']	81.5	[' ', 7.0, 214.0, ' ']	30.0	[7.0, 621.0, ' ']	-1.1	[7.0, 917.0]	-2.8	[7.0, 929.0]	-9.4	[7.0, 1028.0]	-9.4	[7.0, 1028.0]	-9.4	[7.0, 1028.0]	0.0	[7.0, 608.0]	-3.9	[7.0, 520.0]	-5.0	[7.0, 511.0]	-7.2	[7.0, 325.0]	-8.9	[7.0, 315.0]	4176.3	3.0	4176.3	7.0	1173.3	[' ', 7.0]	6500.0	[' ', 7.0]	6.19	7.0	12.69	7.0	-0.32	7.0		
109	2020	31.1	31.1	7.0	58.0	7.0	32.0	7.0	3.0	7.0	102.0	22.0	7.0	0.0	7.0	200.0	7.0	9.0	7.0	119.0	7.0	0.0	7.0			-14.4	[7.0, 203.0, ' ']	889.0	[' ', 7.0, 316.0, ' ']	597.0	[' ', 7.0, 315.0, ' ']	41.4	[' ', 7.0, 1118.0, ' ']	30.6	[7.0, 905.0, ' ']	-1.1	[7.0, 1023.0]	-2.2	[7.0, 1026.0]	-7.8	[7.0, 1107.0]	-7.8	[7.0, 1107.0]	-10.6	[7.0, 1109.0]	-0.6	[7.0, 617.0]	-3.3	[7.0, 608.0]	-4.4	[7.0, 414.0]	-8.3	[7.0, 403.0]	-8.9	[7.0, 402.0]	4280.6	6.0	4280.6	7.0	400.6	[' ', 7.0]	3177.0	[' ', 7.0]	7.34	7.0	14.51	7.0	0.17	7.0		
110	2021	93.9	93.9	7.0	71.0	7.0	50.0	7.0	12.0	7.0	113.0	34.0	7.0	0.0	7.0	210.0	7.0	13.0	7.0	119.0	7.0	4.0	7.0			-14.4	[7.0, 126.0, ' ']	1524.0	[' ', 7.0, 1227.0, ' ']	610.0	[' ', 7.0, 128.0, ' ']	154.9	[' ', 7.0, 1025.0, ' ']	33.3	[7.0, 713.0, '+']	-1.1	[7.0, 929.0]	-3.3	[7.0, 1009.0]	-6.7	[7.0, 1012.0]	-6.7	[7.0, 1012.0]	-11.1	[7.0, 1210.0]	-3.3	[7.0, 610.0]	-3.3	[7.0, 610.0]	-5.0	[7.0, 427.0]	-8.9	[7.0, 426.0]	-8.9	[7.0, 426.0]	3964.3	3.0	3964.3	7.0	867.5	[' ', 7.0]	5185.0	[' ', 7.0]	7.43	7.0	14.76	7.0	0.1	7.0		
111	2022	56.1	56.1	7.0	63.0	7.0	41.0	7.0	7.0	7.0	147.0	30.0	7.0	0.0	7.0	209.0	7.0	10.0	7.0	108.0	7.0	1.0	7.0			-16.1	[7.0, 1202.0, '+']	1194.0	[' ', 7.0, 101.0, ' ']	787.0	[' ', 7.0, 1211.0, ' ']	99.3	[' ', 7.0, 1211.0, ' ']	32.2	[7.0, 905.0, ' ']	0.0	[7.0, 922.0]	-6.7	[7.0, 1023.0]	-6.7	[7.0, 1023.0]	-6.7	[7.0, 1023.0]	-11.1	[7.0, 1110.0]	-1.1	[7.0, 619.0]	-2.2	[7.0, 521.0]	-4.4	[7.0, 512.0]	-9.4	[7.0, 511.0]	-9.4	[7.0, 511.0]	4214.4	4.0	4214.4	7.0	655.2	[' ', 7.0]	3605.0	[' ', 7.0]	6.68	7.0	14.3	7.0	-0.94	7.0		
112	2023	13.6	13.6	7.0	89.0	7.0	61.0	7.0	7.0	7.0	140.0	41.0	7.0	0.0	7.0	204.0	7.0	28.0	7.0	83.0	7.0	1.0	7.0			-17.2	[7.0, 131.0, ' ']	2057.0	[' ', 7.0, 301.0, ' ']	686.0	[' ', 7.0, 101.0, ' ']	84.6	[' ', 7.0, 101.0, ' ']	32.2	[7.0, 717.0, ' ']	0.0	[7.0, 922.0]	-2.8	[7.0, 1012.0]	-5.0	[7.0, 1026.0]	-6.7	[7.0, 1031.0]	-10.6	[7.0, 1127.0]	-1.1	[7.0, 621.0]	-2.8	[7.0, 620.0]	-5.6	[7.0, 424.0]	-7.2	[7.0, 421.0]	-9.4	[7.0, 420.0]	4682.4	4.0	4682.4	7.0	891.8	[' ', 7.0]	6056.0	[' ', 7.0]	5.53	7.0	12.53	7.0	-1.46	7.0		
113	2024																																																							4218.7	7.0	4218.7													
